Day,Hour,Minute,Second,Time +/-,LAT_D,LAT_M,LAT +/-,LONG_D,LONG_M,LONG +/-,Depth (KM),Depth +/-,Mag 1,Mag 2,MAX_INTENSITY,"(District, Region)",REGION NAME,LONG_DEC,LAT_DEC,Year,Month,Count
1,00,02,31.3,0.1,37,31.1,0.5,141,33.4,0.9,39,2,1.0V,,,"(2, 69)",E OFF FUKUSHIMA PREF,141.55666666666667,37.51833333333333,2010,2,1
1,00,43,41.4,0.0,38,12.2,0.1,141,09.0,0.1,10,1,1.2V,,,"(2, 67)",SENDAI BAY REGION,141.15,38.20333333333333,2010,2,14
1,01,29,47.1,0.2,37,31.3,0.3,142,12.0,0.9,26,4,1.6V,,,"(2, 69)",E OFF FUKUSHIMA PREF,142.2,37.52166666666667,2010,2,24
1,02,28,35.5,0.0,38,50.3,0.2,141,39.2,0.4,66,1,0.8V,,,"(2, 50)",NORTHERN MIYAGI PREF,141.65333333333334,38.83833333333333,2010,2,39
1,02,46,28.0,0.1,38,52.5,0.3,141,17.0,0.6,15,1,1.2V,,,"(2, 49)",SOUTHERN IWATE PREF,141.28333333333333,38.875,2010,2,45
1,03,08,08.5,0.1,37,47.9,0.5,142,02.2,0.9,41,2,1.3V,,,"(2, 68)",SE OFF MIYAGI PREF,142.03666666666666,37.79833333333333,2010,2,50
1,04,55,55.8,0.1,38,53.1,0.5,141,31.9,1.0,75,1,0.3v,,,"(2, 50)",NORTHERN MIYAGI PREF,141.53166666666667,38.885,2010,2,72
1,06,10,09.1,0.1,37,26.4,0.4,141,53.0,0.9,37,3,2.5V,,,"(2, 69)",E OFF FUKUSHIMA PREF,141.88333333333333,37.44,2010,2,92
1,08,19,21.2,0.1,37,46.0,0.5,141,28.0,0.7,79,1,0.8V,,,"(2, 69)",E OFF FUKUSHIMA PREF,141.46666666666667,37.766666666666666,2010,2,121
1,08,58,52.5,0.0,38,24.2,0.2,141,09.1,0.3,8,2,0.2V,,,"(2, 50)",NORTHERN MIYAGI PREF,141.15166666666667,38.403333333333336,2010,2,131
1,09,01,30.6,0.0,38,31.2,0.1,141,03.8,0.1,15,1,0.7V,,,"(2, 50)",NORTHERN MIYAGI PREF,141.06333333333333,38.52,2010,2,132
1,10,45,49.2,0.1,37,51.1,0.2,141,50.0,0.5,44,1,3.1V,,,"(2, 68)",SE OFF MIYAGI PREF,141.83333333333334,37.85166666666667,2010,2,150
1,10,56,33.6,0.1,38,25.6,0.3,142,32.6,0.5,28,2,2.3V,,,"(2, 65)",E OFF MIYAGI PREF,142.54333333333332,38.42666666666667,2010,2,153
1,17,14,55.9,0.0,38,31.2,0.1,141,04.0,0.1,14,1,0.3V,,,"(2, 50)",NORTHERN MIYAGI PREF,141.06666666666666,38.52,2010,2,232
1,19,05,03.0,0.0,38,31.6,0.1,141,03.9,0.1,15,1,0.4V,,,"(2, 50)",NORTHERN MIYAGI PREF,141.065,38.526666666666664,2010,2,256
1,19,33,38.4,0.1,38,05.0,0.4,142,19.1,0.6,35,1,1.5V,,,"(2, 65)",E OFF MIYAGI PREF,142.31833333333333,38.083333333333336,2010,2,265
1,20,04,14.4,0.1,38,18.4,0.3,141,31.7,0.6,58,1,0.9V,,,"(2, 66)",KINKAZAN REGION,141.52833333333334,38.306666666666665,2010,2,273
1,20,41,32.3,0.0,38,24.4,0.1,141,14.3,0.2,10,1,0.9V,,,"(2, 50)",NORTHERN MIYAGI PREF,141.23833333333334,38.406666666666666,2010,2,290
1,21,05,00.7,0.2,37,54.3,1.3,142,47.9,0.8,17,3,1.8V,,,"(2, 68)",SE OFF MIYAGI PREF,142.79833333333335,37.905,2010,2,296
1,21,47,36.0,0.1,37,37.6,0.3,141,28.8,0.9,75,1,0.9V,,,"(2, 69)",E OFF FUKUSHIMA PREF,141.48,37.626666666666665,2010,2,307
2,00,40,29.9,0.1,38,45.8,0.6,144,04.0,0.7,41,,2.4V,,,"(2, 63)",FAR E OFF SANRIKU,144.06666666666666,38.763333333333335,2010,2,350
2,01,32,59.1,0.1,38,48.2,0.3,141,35.4,0.8,72,1,0.2v,,,"(2, 50)",NORTHERN MIYAGI PREF,141.59,38.803333333333335,2010,2,373
2,04,44,53.8,0.0,38,31.5,0.1,141,03.7,0.1,15,1,2.7V,,1,"(2, 50)",NORTHERN MIYAGI PREF,141.06166666666667,38.525,2010,2,437
2,06,38,02.8,0.1,37,51.5,0.2,141,34.1,0.4,45,1,1.4V,,,"(2, 68)",SE OFF MIYAGI PREF,141.56833333333333,37.858333333333334,2010,2,485
2,07,14,45.2,0.2,37,51.2,0.5,142,16.8,0.9,33,2,1.4V,,,"(2, 68)",SE OFF MIYAGI PREF,142.28,37.85333333333333,2010,2,492
2,09,37,50.0,0.0,38,31.3,0.1,141,04.0,0.1,15,1,0.6V,,,"(2, 50)",NORTHERN MIYAGI PREF,141.06666666666666,38.52166666666667,2010,2,516
2,12,17,27.1,0.2,37,27.6,0.5,141,53.3,0.8,31,4,1.5V,,,"(2, 69)",E OFF FUKUSHIMA PREF,141.88833333333332,37.46,2010,2,546
2,12,33,56.4,0.0,38,49.7,0.2,141,34.9,0.4,74,1,3.3V,,1,"(2, 50)",NORTHERN MIYAGI PREF     NPS,141.58166666666668,38.82833333333333,2010,2,553
2,13,53,34.4,0.1,38,42.7,0.2,142,16.6,0.7,38,2,1.7V,,,"(2, 65)",E OFF MIYAGI PREF,142.27666666666667,38.711666666666666,2010,2,568
2,16,54,40.9,0.1,37,32.1,0.4,141,31.4,0.7,67,2,1.1V,,,"(2, 69)",E OFF FUKUSHIMA PREF,141.52333333333334,37.535,2010,2,598
2,18,11,46.6,0.1,38,54.8,0.2,142,31.1,0.6,38,2,1.8V,,,"(2, 65)",E OFF MIYAGI PREF,142.51833333333335,38.913333333333334,2010,2,614
2,20,06,53.5,0.0,38,31.5,0.1,141,04.1,0.1,15,1,0.5V,,,"(2, 50)",NORTHERN MIYAGI PREF,141.06833333333333,38.525,2010,2,636
2,20,42,46.2,0.1,38,07.7,0.5,142,26.1,0.7,32,3,1.4V,,,"(2, 65)",E OFF MIYAGI PREF,142.435,38.12833333333333,2010,2,645
2,23,20,03.3,0.1,38,12.3,0.3,141,12.6,0.4,75,1,1.7V,,,"(2, 67)",SENDAI BAY REGION,141.21,38.205,2010,2,674
2,23,33,18.9,0.0,38,31.7,0.1,141,04.3,0.1,15,1,0.3v,,,"(2, 50)",NORTHERN MIYAGI PREF,141.07166666666666,38.528333333333336,2010,2,680
3,03,23,07.1,0.0,38,31.5,0.1,141,03.6,0.1,15,1,1.7V,,,"(2, 50)",NORTHERN MIYAGI PREF,141.06,38.525,2010,2,743
3,03,33,45.2,0.0,38,31.5,0.1,141,03.6,0.1,15,1,1.3V,,,"(2, 50)",NORTHERN MIYAGI PREF,141.06,38.525,2010,2,748
3,05,27,07.3,0.1,37,46.1,0.7,142,18.3,0.9,36,3,1.1V,,,"(2, 68)",SE OFF MIYAGI PREF,142.305,37.76833333333333,2010,2,773
3,06,49,34.2,0.1,38,31.5,0.2,141,58.2,0.8,79,1,1.1V,,,"(2, 65)",E OFF MIYAGI PREF,141.97,38.525,2010,2,794
3,07,58,25.4,0.1,38,53.1,0.4,141,39.9,0.7,61,1,0.3V,,,"(2, 50)",NORTHERN MIYAGI PREF,141.665,38.885,2010,2,806
3,08,02,31.8,0.1,38,44.3,0.3,141,44.8,0.8,90,1,1.6V,,,"(2, 66)",KINKAZAN REGION,141.74666666666667,38.73833333333333,2010,2,809
3,08,13,41.6,0.2,38,26.8,0.5,142,01.8,1.1,25,3,1.1V,,,"(2, 65)",E OFF MIYAGI PREF,142.03,38.446666666666665,2010,2,812
3,10,06,04.3,0.2,37,42.7,0.7,142,13.3,1.1,34,4,1.3V,,,"(2, 68)",SE OFF MIYAGI PREF,142.22166666666666,37.711666666666666,2010,2,826
3,12,40,57.4,0.1,38,54.8,0.4,142,03.4,0.7,42,1,0.5V,,,"(2, 66)",KINKAZAN REGION,142.05666666666667,38.913333333333334,2010,2,846
3,13,17,01.7,0.1,38,41.5,0.3,142,13.9,1.0,33,3,1.4V,,,"(2, 65)",E OFF MIYAGI PREF,142.23166666666665,38.69166666666667,2010,2,851
3,13,39,01.6,0.1,37,43.8,0.3,141,39.2,0.6,76,1,1.7V,,,"(2, 69)",E OFF FUKUSHIMA PREF,141.65333333333334,37.73,2010,2,856
3,14,23,36.9,0.1,38,15.8,0.4,141,23.6,0.6,66,1,0.6V,,,"(2, 66)",KINKAZAN REGION,141.39333333333335,38.263333333333335,2010,2,866
3,14,51,04.7,0.0,38,49.8,0.2,141,34.7,0.4,73,1,1.2V,,,"(2, 50)",NORTHERN MIYAGI PREF,141.57833333333335,38.83,2010,2,873
3,15,06,04.0,0.0,38,37.0,0.1,141,34.4,0.4,44,1,0.8V,,,"(2, 66)",KINKAZAN REGION,141.57333333333332,38.61666666666667,2010,2,875
3,15,22,21.7,0.0,38,43.8,0.1,141,03.9,0.1,11,1,0.3V,,,"(2, 50)",NORTHERN MIYAGI PREF,141.065,38.73,2010,2,877
3,16,31,07.5,0.3,37,47.6,1.2,142,45.8,1.6,27,,2.2V,,,"(2, 70)",FAR E OFF FUKUSHIMA PREF,142.76333333333332,37.79333333333334,2010,2,888
3,18,20,51.7,0.0,37,46.0,0.2,141,17.7,0.3,59,1,1.3V,,,"(2, 69)",E OFF FUKUSHIMA PREF,141.295,37.766666666666666,2010,2,906
3,18,55,49.4,0.2,38,42.9,0.5,142,44.5,0.7,26,5,1.3v,,,"(2, 65)",E OFF MIYAGI PREF,142.74166666666667,38.715,2010,2,915
3,18,56,49.5,0.0,38,31.5,0.1,141,03.6,0.1,15,1,0.9V,,,"(2, 50)",NORTHERN MIYAGI PREF,141.06,38.525,2010,2,918
3,20,02,01.8,0.1,38,26.2,0.2,141,22.4,0.4,69,1,0.6V,,,"(2, 66)",KINKAZAN REGION,141.37333333333333,38.43666666666667,2010,2,948
3,21,21,04.5,0.1,38,05.0,0.5,143,21.4,0.7,27,,1.8v,,,"(2, 64)",FAR E OFF MIYAGI PREF,143.35666666666665,38.083333333333336,2010,2,966
3,21,23,26.5,0.1,38,48.3,0.2,141,37.2,0.6,68,1,0.4V,,,"(2, 50)",NORTHERN MIYAGI PREF,141.62,38.805,2010,2,967
3,21,35,19.4,0.0,38,31.5,0.1,141,04.0,0.1,15,1,1.0V,,,"(2, 50)",NORTHERN MIYAGI PREF,141.06666666666666,38.525,2010,2,972
3,22,52,11.9,0.1,37,46.6,0.4,141,47.3,0.8,37,2,1.4V,,,"(2, 68)",SE OFF MIYAGI PREF,141.78833333333333,37.776666666666664,2010,2,985
3,22,55,40.5,0.0,38,49.5,0.2,141,19.3,0.4,73,1,0.5V,,,"(2, 49)",SOUTHERN IWATE PREF,141.32166666666666,38.825,2010,2,986
3,22,58,16.0,0.1,38,15.4,0.5,141,23.6,0.7,62,1,0.3V,,,"(2, 66)",KINKAZAN REGION,141.39333333333335,38.25666666666667,2010,2,987
4,00,27,56.9,0.0,38,07.4,0.1,141,38.2,0.2,57,0,0.4V,,,"(2, 66)",KINKAZAN REGION,141.63666666666666,38.123333333333335,2010,2,1014
4,00,29,29.0,0.0,38,03.6,0.3,141,49.4,0.5,42,1,0.3V,,,"(2, 68)",SE OFF MIYAGI PREF,141.82333333333332,38.06,2010,2,1015
4,01,08,17.1,0.1,38,41.6,0.4,142,13.9,0.9,37,2,0.7V,,,"(2, 65)",E OFF MIYAGI PREF,142.23166666666665,38.693333333333335,2010,2,1025
4,02,13,26.0,0.1,38,42.0,0.2,142,16.1,0.7,36,2,1.7V,,,"(2, 65)",E OFF MIYAGI PREF,142.26833333333335,38.7,2010,2,1050
4,02,56,21.7,0.1,38,24.1,0.4,142,17.8,0.6,31,3,0.8V,,,"(2, 65)",E OFF MIYAGI PREF,142.29666666666665,38.401666666666664,2010,2,1061
4,03,00,13.8,0.2,37,28.2,0.6,142,10.7,1.1,22,,1.2V,,,"(2, 69)",E OFF FUKUSHIMA PREF,142.17833333333334,37.47,2010,2,1064
4,03,01,36.6,0.2,37,45.7,0.8,142,11.7,1.2,39,4,0.8V,,,"(2, 68)",SE OFF MIYAGI PREF,142.195,37.76166666666667,2010,2,1066
4,05,50,10.7,0.1,39,06.2,0.5,141,23.2,1.0,05,1,0.7V,,,"(2, 49)",SOUTHERN IWATE PREF,141.38666666666666,39.10333333333333,2010,2,1104
4,06,13,27.8,0.1,38,41.6,0.2,142,15.5,0.6,37,2,2.4V,,,"(2, 65)",E OFF MIYAGI PREF,142.25833333333333,38.693333333333335,2010,2,1108
4,06,21,22.6,0.1,37,50.7,0.7,142,08.2,0.9,38,2,1.0V,,,"(2, 68)",SE OFF MIYAGI PREF,142.13666666666666,37.845,2010,2,1110
4,08,32,11.0,0.1,38,42.7,0.2,142,14.1,0.6,35,2,1.1V,,,"(2, 65)",E OFF MIYAGI PREF,142.235,38.711666666666666,2010,2,1134
4,09,30,49.7,0.1,38,00.3,0.3,141,07.4,0.6,80,1,1.3V,,,"(2, 67)",SENDAI BAY REGION,141.12333333333333,38.005,2010,2,1141
4,09,58,42.7,0.1,37,49.3,0.4,142,19.5,0.9,32,2,2.8V,,,"(2, 68)",SE OFF MIYAGI PREF,142.325,37.821666666666665,2010,2,1148
4,10,50,50.1,0.1,38,52.8,0.3,141,41.4,0.6,61,1,1.0V,,,"(2, 50)",NORTHERN MIYAGI PREF,141.69,38.88,2010,2,1155
4,13,05,23.2,0.0,38,44.5,0.1,141,01.5,0.0,10,0,0.2V,,,"(2, 50)",NORTHERN MIYAGI PREF,141.025,38.74166666666667,2010,2,1194
4,15,12,43.9,0.1,38,15.0,0.5,142,20.0,0.7,30,2,2.0V,,,"(2, 65)",E OFF MIYAGI PREF,142.33333333333334,38.25,2010,2,1210
4,15,36,18.7,0.1,39,04.5,0.3,142,39.4,0.5,32,2,1.2V,,,"(2, 62)",E OFF IWATE PREF,142.65666666666667,39.075,2010,2,1212
4,16,38,47.3,0.0,38,31.5,0.1,141,03.7,0.1,16,1,2.3V,,,"(2, 50)",NORTHERN MIYAGI PREF,141.06166666666667,38.525,2010,2,1221
4,18,45,38.0,0.1,38,35.9,0.2,141,18.9,0.4,71,1,0.6V,,,"(2, 50)",NORTHERN MIYAGI PREF,141.315,38.598333333333336,2010,2,1239
4,18,56,25.6,0.2,37,42.3,0.4,142,12.7,1.1,30,3,1.8V,,,"(2, 68)",SE OFF MIYAGI PREF,142.21166666666667,37.705,2010,2,1244
4,22,55,37.7,0.2,37,47.5,0.6,142,20.7,1.0,31,3,1.4V,,,"(2, 68)",SE OFF MIYAGI PREF,142.345,37.791666666666664,2010,2,1306
5,00,19,44.6,0.1,38,47.4,0.4,141,06.3,0.5,86,1,0.6V,,,"(2, 50)",NORTHERN MIYAGI PREF,141.105,38.79,2010,2,1337
5,00,48,01.1,0.1,39,11.2,0.2,141,51.3,0.4,28,1,0.1V,,,"(2, 49)",SOUTHERN IWATE PREF,141.855,39.18666666666667,2010,2,1346
5,01,42,40.5,0.2,37,57.8,0.6,142,24.4,1.2,35,2,1.5V,,,"(2, 68)",SE OFF MIYAGI PREF,142.40666666666667,37.96333333333333,2010,2,1367
5,02,28,08.4,0.1,38,15.2,0.3,141,22.1,0.4,64,1,0.6V,,,"(2, 66)",KINKAZAN REGION,141.36833333333334,38.25333333333333,2010,2,1380
5,03,30,42.9,0.2,38,22.2,0.6,142,07.4,0.9,15,4,1.3V,,,"(2, 65)",E OFF MIYAGI PREF,142.12333333333333,38.37,2010,2,1405
5,05,52,46.0,0.1,38,54.4,0.4,142,29.1,0.8,36,3,0.6V,,,"(2, 65)",E OFF MIYAGI PREF,142.485,38.906666666666666,2010,2,1439
5,06,26,22.8,0.2,37,45.1,0.5,142,03.7,1.2,33,3,1.6V,,,"(2, 68)",SE OFF MIYAGI PREF,142.06166666666667,37.751666666666665,2010,2,1446
5,06,28,23.4,0.1,37,57.7,0.5,142,19.6,0.8,36,2,1.2V,,,"(2, 68)",SE OFF MIYAGI PREF,142.32666666666665,37.961666666666666,2010,2,1449
5,06,58,01.5,0.1,37,55.0,0.5,142,04.4,0.8,36,1,1.2V,,,"(2, 68)",SE OFF MIYAGI PREF,142.07333333333332,37.916666666666664,2010,2,1460
5,06,58,03.3,0.1,38,02.5,0.7,141,49.9,0.9,41,2,1.1V,,,"(2, 68)",SE OFF MIYAGI PREF,141.83166666666668,38.041666666666664,2010,2,1461
5,11,56,25.0,0.1,37,39.0,0.3,141,58.7,0.7,34,2,2.8V,,,"(2, 69)",E OFF FUKUSHIMA PREF,141.97833333333332,37.65,2010,2,1501
5,15,19,36.9,0.0,38,02.7,0.3,142,06.5,0.4,35,1,1.2V,,,"(2, 68)",SE OFF MIYAGI PREF,142.10833333333332,38.045,2010,2,1528
5,20,05,03.3,0.1,38,48.7,0.2,141,33.7,0.7,72,1,0.4V,,,"(2, 50)",NORTHERN MIYAGI PREF,141.56166666666667,38.81166666666667,2010,2,1597
5,20,44,12.5,0.2,37,41.0,0.9,142,10.5,1.1,32,4,1.2v,,,"(2, 68)",SE OFF MIYAGI PREF,142.175,37.68333333333333,2010,2,1604
5,20,45,05.1,0.1,37,40.3,0.3,142,35.0,0.5,29,3,2.1V,,,"(2, 68)",SE OFF MIYAGI PREF,142.58333333333334,37.67166666666667,2010,2,1605
5,21,00,42.1,0.1,37,46.5,0.5,142,07.1,0.8,34,3,1.3V,,,"(2, 68)",SE OFF MIYAGI PREF,142.11833333333334,37.775,2010,2,1612
5,22,01,35.5,0.1,38,41.5,0.2,142,15.1,0.7,38,2,1.7V,,,"(2, 65)",E OFF MIYAGI PREF,142.25166666666667,38.69166666666667,2010,2,1619
5,23,20,36.8,0.2,37,47.9,0.5,142,06.9,1.1,33,3,2.6V,,,"(2, 68)",SE OFF MIYAGI PREF,142.115,37.79833333333333,2010,2,1638
6,05,18,26.0,0.0,38,51.2,0.2,141,37.3,0.4,72,1,1.4V,,,"(2, 50)",NORTHERN MIYAGI PREF,141.62166666666667,38.85333333333333,2010,2,1705
6,06,59,11.1,0.0,38,49.6,0.2,141,35.6,0.5,71,1,0.7V,,,"(2, 50)",NORTHERN MIYAGI PREF,141.59333333333333,38.82666666666667,2010,2,1732
6,07,08,12.7,0.0,38,31.2,0.1,141,04.2,0.1,14,1,0.8V,,,"(2, 50)",NORTHERN MIYAGI PREF,141.07,38.52,2010,2,1734
6,07,29,24.5,0.1,37,27.5,0.5,141,50.9,0.8,31,4,1.6V,,,"(2, 69)",E OFF FUKUSHIMA PREF,141.84833333333333,37.458333333333336,2010,2,1735
6,08,15,51.5,0.1,39,07.3,0.2,142,29.8,0.4,23,1,,,,"(2, 62)",E OFF IWATE PREF,142.49666666666667,39.12166666666667,2010,2,1744
6,08,26,06.4,0.2,37,24.9,0.6,141,44.6,1.2,39,5,1.5V,,,"(2, 69)",E OFF FUKUSHIMA PREF,141.74333333333334,37.415,2010,2,1745
6,12,45,58.4,0.2,37,43.4,0.5,142,00.5,1.0,33,3,1.3V,,,"(2, 68)",SE OFF MIYAGI PREF,142.00833333333333,37.723333333333336,2010,2,1790
6,15,13,20.1,0.1,38,34.4,0.3,142,47.6,0.9,14,4,,,,"(2, 64)",FAR E OFF MIYAGI PREF,142.79333333333332,38.57333333333333,2010,2,1826
6,16,24,41.0,0.2,38,02.7,0.7,143,31.3,1.2,34,,2.4V,,,"(2, 64)",FAR E OFF MIYAGI PREF,143.52166666666668,38.045,2010,2,1840
6,17,02,54.9,0.0,38,24.8,0.2,141,08.8,0.2,5,,0.2v,,,"(2, 50)",NORTHERN MIYAGI PREF,141.14666666666668,38.413333333333334,2010,2,1846
6,17,52,59.9,0.0,38,31.3,0.1,141,03.9,0.1,14,1,0.6V,,,"(2, 50)",NORTHERN MIYAGI PREF,141.065,38.52166666666667,2010,2,1862
6,19,06,04.8,0.2,37,27.0,0.6,141,52.0,1.0,27,4,1.6V,,,"(2, 69)",E OFF FUKUSHIMA PREF,141.86666666666667,37.45,2010,2,1875
6,19,36,10.6,0.0,39,10.7,0.2,142,30.3,0.3,29,1,0.8v,,,"(2, 62)",E OFF IWATE PREF,142.505,39.178333333333335,2010,2,1881
6,21,30,30.1,0.2,37,25.0,0.5,141,54.1,1.0,33,4,3.2V,,,"(2, 69)",E OFF FUKUSHIMA PREF,141.90166666666667,37.416666666666664,2010,2,1902
6,22,22,59.2,0.2,37,47.7,0.4,142,07.0,1.0,33,2,2.7V,,,"(2, 68)",SE OFF MIYAGI PREF,142.11666666666667,37.795,2010,2,1916
6,22,26,28.3,0.2,37,29.0,0.7,141,50.1,1.0,20,3,0.9v,,,"(2, 69)",E OFF FUKUSHIMA PREF,141.835,37.483333333333334,2010,2,1919
6,22,47,21.2,0.2,37,27.2,0.6,141,49.6,0.8,21,4,1.3V,,,"(2, 69)",E OFF FUKUSHIMA PREF,141.82666666666665,37.45333333333333,2010,2,1927
6,22,58,28.7,0.0,38,46.8,0.2,141,41.7,0.6,69,1,0.3V,,,"(2, 66)",KINKAZAN REGION,141.695,38.78,2010,2,1930
7,00,13,22.8,0.1,38,16.3,0.4,142,17.8,0.6,34,2,1.2V,,,"(2, 65)",E OFF MIYAGI PREF,142.29666666666665,38.27166666666667,2010,2,1942
7,00,58,51.6,0.2,37,28.1,0.5,141,51.7,0.8,31,4,1.4V,,,"(2, 69)",E OFF FUKUSHIMA PREF,141.86166666666668,37.468333333333334,2010,2,1953
7,01,29,29.7,0.2,37,28.4,0.5,141,51.2,0.7,29,4,1.2V,,,"(2, 69)",E OFF FUKUSHIMA PREF,141.85333333333332,37.473333333333336,2010,2,1960
7,02,30,41.0,0.2,37,58.2,0.5,142,06.1,0.9,37,1,1.7V,,,"(2, 68)",SE OFF MIYAGI PREF,142.10166666666666,37.97,2010,2,1973
7,04,10,40.3,0.1,38,52.8,0.3,141,23.2,0.8,81,1,0.2v,,,"(2, 49)",SOUTHERN IWATE PREF,141.38666666666666,38.88,2010,2,2003
7,05,25,43.7,0.2,37,27.5,0.7,141,47.7,1.0,31,5,1.1V,,,"(2, 69)",E OFF FUKUSHIMA PREF,141.795,37.458333333333336,2010,2,2025
7,05,58,06.4,0.1,37,41.3,0.5,141,30.7,1.0,72,2,0.6v,,,"(2, 69)",E OFF FUKUSHIMA PREF,141.51166666666666,37.68833333333333,2010,2,2032
7,06,27,19.6,0.1,37,45.9,0.3,142,01.7,0.9,34,3,1.2V,,,"(2, 68)",SE OFF MIYAGI PREF,142.02833333333334,37.765,2010,2,2040
7,08,23,58.9,0.1,38,59.9,0.4,141,36.3,0.9,00,1,1.3V,,,"(2, 50)",NORTHERN MIYAGI PREF,141.605,38.998333333333335,2010,2,2065
7,08,40,11.7,0.1,38,53.4,0.3,141,38.5,0.6,72,1,1.1V,,,"(2, 50)",NORTHERN MIYAGI PREF,141.64166666666668,38.89,2010,2,2070
7,09,54,24.1,0.1,38,42.1,0.2,142,15.6,0.8,38,2,1.2V,,,"(2, 65)",E OFF MIYAGI PREF,142.26,38.70166666666667,2010,2,2081
7,09,59,21.5,0.1,38,39.6,0.4,142,48.7,0.8,28,,1.6V,,,"(2, 64)",FAR E OFF MIYAGI PREF,142.81166666666667,38.66,2010,2,2083
7,11,27,56.8,0.1,38,42.0,0.2,142,15.3,0.6,37,2,2.2V,,,"(2, 65)",E OFF MIYAGI PREF,142.255,38.7,2010,2,2105
7,13,40,21.9,0.1,38,31.5,0.2,142,04.4,0.6,78,1,1.9V,,,"(2, 65)",E OFF MIYAGI PREF,142.07333333333332,38.525,2010,2,2125
7,15,56,14.3,0.1,38,44.4,0.3,142,18.5,0.8,36,2,3.5V,,1,"(2, 65)",E OFF MIYAGI PREF,142.30833333333334,38.74,2010,2,2146
7,16,32,33.2,0.1,38,44.3,0.3,142,17.3,0.8,35,2,1.2V,,,"(2, 65)",E OFF MIYAGI PREF,142.28833333333333,38.73833333333333,2010,2,2152
7,16,34,32.2,0.1,38,44.2,0.4,142,17.3,1.0,35,4,0.9v,,,"(2, 65)",E OFF MIYAGI PREF,142.28833333333333,38.736666666666665,2010,2,2153
7,17,21,39.7,0.2,37,26.5,0.5,141,52.2,0.8,26,4,1.9V,,,"(2, 69)",E OFF FUKUSHIMA PREF,141.87,37.44166666666667,2010,2,2167
7,17,34,05.5,0.0,38,43.8,0.1,141,06.5,0.2,9,1,0.1V,,,"(2, 50)",NORTHERN MIYAGI PREF,141.10833333333332,38.73,2010,2,2177
7,17,52,37.6,0.2,37,43.7,0.6,142,11.1,1.0,32,3,1.5V,,,"(2, 68)",SE OFF MIYAGI PREF,142.185,37.72833333333333,2010,2,2185
7,18,02,15.8,0.1,38,01.2,0.5,142,19.8,0.9,36,2,1.6V,,,"(2, 65)",E OFF MIYAGI PREF,142.33,38.02,2010,2,2188
7,18,10,57.5,0.0,37,51.8,0.2,141,29.1,0.3,69,1,1.1V,,,"(2, 69)",E OFF FUKUSHIMA PREF,141.485,37.86333333333333,2010,2,2193
7,19,18,30.0,0.1,38,44.5,0.3,142,18.4,0.7,37,2,1.7V,,,"(2, 65)",E OFF MIYAGI PREF,142.30666666666667,38.74166666666667,2010,2,2214
7,21,29,36.0,0.1,37,30.5,0.3,141,33.2,0.7,45,2,1.8V,,,"(2, 69)",E OFF FUKUSHIMA PREF,141.55333333333334,37.50833333333333,2010,2,2263
7,21,38,47.5,0.2,38,37.8,0.4,142,49.9,0.8,14,,1.6V,,,"(2, 64)",FAR E OFF MIYAGI PREF,142.83166666666668,38.63,2010,2,2267
7,22,55,23.4,0.0,38,44.0,0.1,141,00.1,0.1,11,1,0.4V,,,"(2, 50)",NORTHERN MIYAGI PREF,141.00166666666667,38.733333333333334,2010,2,2289
7,23,31,53.7,0.1,37,37.0,0.5,141,44.0,0.8,33,3,1.1V,,,"(2, 69)",E OFF FUKUSHIMA PREF,141.73333333333332,37.61666666666667,2010,2,2303
8,00,06,24.1,0.2,37,36.8,0.5,142,02.2,1.1,29,4,,,,"(2, 68)",SE OFF MIYAGI PREF,142.03666666666666,37.61333333333333,2010,2,2310
8,01,09,35.4,0.1,38,41.6,0.3,142,15.4,0.8,38,2,1.2V,,,"(2, 65)",E OFF MIYAGI PREF,142.25666666666666,38.693333333333335,2010,2,2329
8,02,48,32.4,0.0,39,08.2,0.0,141,09.9,0.1,10,1,0.1V,,,"(2, 49)",SOUTHERN IWATE PREF,141.165,39.13666666666666,2010,2,2359
8,04,04,03.2,0.2,37,46.9,0.5,142,05.3,1.0,29,3,1.2V,,,"(2, 68)",SE OFF MIYAGI PREF,142.08833333333334,37.781666666666666,2010,2,2379
8,04,40,58.4,0.1,38,48.2,0.2,141,35.2,0.7,71,1,0.5V,,,"(2, 50)",NORTHERN MIYAGI PREF,141.58666666666667,38.803333333333335,2010,2,2391
8,04,41,01.5,0.2,37,40.6,0.4,142,10.9,1.4,26,4,1.5V,,,"(2, 68)",SE OFF MIYAGI PREF,142.18166666666667,37.67666666666667,2010,2,2392
8,16,43,33.7,0.0,38,30.0,0.1,141,09.1,0.1,14,1,0.8V,,,"(2, 50)",NORTHERN MIYAGI PREF,141.15166666666667,38.5,2010,2,2556
8,19,49,58.5,0.0,38,31.5,0.1,141,04.1,0.1,15,1,0.9V,,,"(2, 50)",NORTHERN MIYAGI PREF,141.06833333333333,38.525,2010,2,2601
9,01,55,37.8,0.1,38,55.8,0.4,141,22.7,1.0,06,1,0.5v,,,"(2, 49)",SOUTHERN IWATE PREF,141.37833333333333,38.93,2010,2,2690
9,01,57,51.5,0.1,38,55.3,0.3,142,31.7,0.6,26,2,1.4V,,,"(2, 65)",E OFF MIYAGI PREF,142.52833333333334,38.92166666666667,2010,2,2693
9,02,19,24.5,0.0,38,31.6,0.1,141,03.9,0.1,15,1,0.8V,,,"(2, 50)",NORTHERN MIYAGI PREF,141.065,38.526666666666664,2010,2,2698
9,03,50,10.3,0.0,38,53.0,0.2,141,39.3,0.4,68,1,0.7V,,,"(2, 50)",NORTHERN MIYAGI PREF,141.655,38.88333333333333,2010,2,2719
9,04,48,05.6,0.1,37,38.0,0.5,141,27.3,1.1,72,2,0.7V,,,"(2, 69)",E OFF FUKUSHIMA PREF,141.455,37.63333333333333,2010,2,2726
9,05,02,05.2,0.2,37,53.0,0.6,142,25.0,1.0,45,3,1.4V,,,"(2, 68)",SE OFF MIYAGI PREF,142.41666666666666,37.88333333333333,2010,2,2729
9,05,36,42.4,0.0,38,31.6,0.1,141,03.8,0.1,15,1,0.6V,,,"(2, 50)",NORTHERN MIYAGI PREF,141.06333333333333,38.526666666666664,2010,2,2741
9,06,31,01.5,0.1,38,44.3,0.3,141,33.2,0.9,53,1,0.0V,,,"(2, 50)",NORTHERN MIYAGI PREF,141.55333333333334,38.73833333333333,2010,2,2753
9,10,06,50.9,0.2,37,24.4,0.6,141,54.9,1.0,34,,1.8V,,,"(2, 69)",E OFF FUKUSHIMA PREF,141.915,37.406666666666666,2010,2,2792
9,10,38,22.4,0.1,37,31.7,0.4,141,33.3,0.8,37,3,1.1V,,,"(2, 69)",E OFF FUKUSHIMA PREF,141.555,37.528333333333336,2010,2,2796
9,11,19,52.4,0.0,39,11.9,0.0,141,01.0,0.1,4,0,1.8V,,,"(2, 49)",SOUTHERN IWATE PREF,141.01666666666668,39.19833333333333,2010,2,2803
9,12,28,28.7,0.1,38,40.2,0.3,141,40.4,0.9,59,1,0.4V,,,"(2, 66)",KINKAZAN REGION,141.67333333333335,38.67,2010,2,2816
9,12,45,57.0,0.1,38,09.3,0.8,142,30.7,0.8,33,4,1.5V,,,"(2, 65)",E OFF MIYAGI PREF,142.51166666666666,38.155,2010,2,2824
9,14,54,18.6,0.1,38,19.7,0.3,141,58.4,0.6,30,1,2.7V,,,"(2, 65)",E OFF MIYAGI PREF,141.97333333333333,38.32833333333333,2010,2,2849
9,15,34,42.0,0.0,38,50.9,0.2,141,37.1,0.5,71,1,1.1V,,,"(2, 50)",NORTHERN MIYAGI PREF,141.61833333333334,38.848333333333336,2010,2,2857
9,17,18,11.0,0.2,37,41.4,0.6,142,07.8,0.9,35,3,1.5V,,,"(2, 68)",SE OFF MIYAGI PREF,142.13,37.69,2010,2,2870
9,18,19,49.5,0.2,37,47.8,0.7,142,08.7,1.0,36,3,1.4V,,,"(2, 68)",SE OFF MIYAGI PREF,142.145,37.79666666666667,2010,2,2884
9,20,03,41.2,0.0,38,51.4,0.2,141,39.1,0.5,69,1,0.7V,,,"(2, 50)",NORTHERN MIYAGI PREF,141.65166666666667,38.85666666666667,2010,2,2912
9,20,10,32.1,0.1,37,45.1,0.3,141,33.6,0.6,75,1,1.2V,,,"(2, 69)",E OFF FUKUSHIMA PREF,141.56,37.751666666666665,2010,2,2915
9,21,09,49.4,0.1,38,41.6,0.2,142,15.6,0.6,37,2,2.7V,,,"(2, 65)",E OFF MIYAGI PREF,142.26,38.693333333333335,2010,2,2930
9,21,11,06.2,0.1,38,41.4,0.3,142,13.5,0.8,38,3,1.1V,,,"(2, 65)",E OFF MIYAGI PREF,142.225,38.69,2010,2,2932
9,21,27,03.6,0.1,38,41.6,0.2,142,13.4,0.7,37,2,1.3V,,,"(2, 65)",E OFF MIYAGI PREF,142.22333333333333,38.693333333333335,2010,2,2935
9,22,33,51.8,0.1,38,46.5,0.3,141,36.7,0.7,67,1,0.6V,,,"(2, 50)",NORTHERN MIYAGI PREF,141.61166666666668,38.775,2010,2,2951
10,01,03,57.0,0.1,37,35.8,0.3,141,30.2,0.7,75,1,2.0V,,,"(2, 69)",E OFF FUKUSHIMA PREF,141.50333333333333,37.596666666666664,2010,2,2978
10,01,06,34.8,0.0,38,55.9,0.2,142,29.1,0.4,40,2,1.0V,,,"(2, 65)",E OFF MIYAGI PREF,142.485,38.931666666666665,2010,2,2980
10,01,35,26.2,0.2,38,45.6,0.5,142,05.3,1.0,22,3,0.6V,,,"(2, 66)",KINKAZAN REGION,142.08833333333334,38.76,2010,2,2987
10,01,59,30.4,0.2,37,43.9,0.5,142,11.5,0.9,36,3,1.6V,,,"(2, 68)",SE OFF MIYAGI PREF,142.19166666666666,37.73166666666667,2010,2,2995
10,02,44,44.7,0.1,38,49.3,0.4,142,34.1,0.7,43,,0.9v,,,"(2, 65)",E OFF MIYAGI PREF,142.56833333333333,38.821666666666665,2010,2,3008
10,03,37,33.1,0.2,37,27.5,0.6,141,51.1,1.0,24,4,1.5V,,,"(2, 69)",E OFF FUKUSHIMA PREF,141.85166666666666,37.458333333333336,2010,2,3024
10,03,50,23.6,0.1,38,29.9,0.4,142,03.9,0.9,19,4,0.9V,,,"(2, 65)",E OFF MIYAGI PREF,142.065,38.498333333333335,2010,2,3028
10,05,40,55.3,0.1,38,30.1,0.2,141,17.6,0.4,69,1,0.3V,,,"(2, 50)",NORTHERN MIYAGI PREF,141.29333333333332,38.501666666666665,2010,2,3049
10,05,44,54.5,0.0,38,48.7,0.2,141,34.6,0.5,71,1,0.5V,,,"(2, 50)",NORTHERN MIYAGI PREF,141.57666666666665,38.81166666666667,2010,2,3050
10,05,45,12.8,0.1,38,57.9,0.2,142,12.9,0.3,14,2,0.8V,,,"(2, 66)",KINKAZAN REGION,142.215,38.965,2010,2,3051
10,06,46,27.1,0.1,38,51.1,0.3,141,36.7,0.7,72,1,0.8V,,,"(2, 50)",NORTHERN MIYAGI PREF,141.61166666666668,38.85166666666667,2010,2,3070
10,10,05,02.3,0.1,38,09.9,0.3,141,51.1,0.6,70,1,3.6V,,1,"(2, 65)",E OFF MIYAGI PREF,141.85166666666666,38.165,2010,2,3097
10,14,33,12.5,0.1,37,44.0,0.4,142,08.4,0.8,37,3,1.6V,,,"(2, 68)",SE OFF MIYAGI PREF,142.14,37.733333333333334,2010,2,3152
10,14,34,14.4,0.2,37,44.0,0.5,142,07.5,1.1,31,3,1.7V,,,"(2, 68)",SE OFF MIYAGI PREF,142.125,37.733333333333334,2010,2,3153
10,18,23,44.9,0.1,38,41.3,0.1,142,13.1,0.5,37,2,1.0V,,,"(2, 65)",E OFF MIYAGI PREF,142.21833333333333,38.68833333333333,2010,2,3209
10,19,00,56.4,0.1,38,33.0,0.2,142,10.0,0.6,36,2,2.6V,,,"(2, 65)",E OFF MIYAGI PREF,142.16666666666666,38.55,2010,2,3220
10,20,39,13.6,0.1,38,41.6,0.3,142,13.2,0.8,35,3,0.7V,,,"(2, 65)",E OFF MIYAGI PREF,142.22,38.693333333333335,2010,2,3238
10,21,16,32.7,0.1,37,32.8,0.3,141,25.2,0.7,76,1,1.3V,,,"(2, 69)",E OFF FUKUSHIMA PREF,141.42,37.54666666666667,2010,2,3247
10,22,35,11.5,0.1,37,45.8,0.3,141,30.6,0.7,80,1,0.9V,,,"(2, 69)",E OFF FUKUSHIMA PREF,141.51,37.763333333333335,2010,2,3263
11,01,03,12.6,0.1,38,46.2,0.3,141,31.3,0.7,00,1,1.5V,,,"(2, 50)",NORTHERN MIYAGI PREF,141.52166666666668,38.77,2010,2,3298
11,01,17,38.3,0.0,38,46.6,0.2,141,39.1,0.4,65,1,0.8V,,,"(2, 66)",KINKAZAN REGION,141.65166666666667,38.776666666666664,2010,2,3300
11,01,48,25.9,0.0,38,21.1,0.2,141,33.2,0.3,59,1,1.0V,,,"(2, 66)",KINKAZAN REGION,141.55333333333334,38.35166666666667,2010,2,3305
11,02,20,37.9,0.2,37,48.3,0.6,142,05.6,1.3,37,3,1.5V,,,"(2, 68)",SE OFF MIYAGI PREF,142.09333333333333,37.805,2010,2,3311
11,02,59,09.0,0.1,38,35.2,0.3,142,52.6,0.8,27,4,1.7V,,,"(2, 64)",FAR E OFF MIYAGI PREF,142.87666666666667,38.586666666666666,2010,2,3320
11,03,44,58.4,0.1,38,52.4,0.3,141,37.9,0.7,70,1,0.3V,,,"(2, 50)",NORTHERN MIYAGI PREF,141.63166666666666,38.873333333333335,2010,2,3328
11,04,32,35.3,0.1,38,25.8,0.3,141,55.4,0.6,80,1,2.0V,,,"(2, 65)",E OFF MIYAGI PREF,141.92333333333335,38.43,2010,2,3336
11,05,57,57.9,0.1,38,03.9,0.3,141,51.1,0.6,43,1,1.1V,,,"(2, 68)",SE OFF MIYAGI PREF,141.85166666666666,38.065,2010,2,3347
11,05,59,17.5,0.2,37,51.2,0.5,142,11.6,1.0,33,3,1.1V,,,"(2, 68)",SE OFF MIYAGI PREF,142.19333333333333,37.85333333333333,2010,2,3348
11,09,19,57.3,0.2,37,41.2,0.4,142,08.4,1.1,27,3,1.7V,,,"(2, 68)",SE OFF MIYAGI PREF,142.14,37.68666666666667,2010,2,3392
11,16,00,19.8,0.1,38,45.9,0.2,141,39.5,0.6,64,1,0.3V,,,"(2, 66)",KINKAZAN REGION,141.65833333333333,38.765,2010,2,3448
11,16,09,37.7,0.1,37,26.3,0.3,141,17.0,0.7,84,1,1.5V,,,"(2, 69)",E OFF FUKUSHIMA PREF,141.28333333333333,37.43833333333333,2010,2,3450
11,18,01,25.0,0.1,38,20.2,0.4,141,18.4,0.5,64,1,0.6V,,,"(2, 66)",KINKAZAN REGION,141.30666666666667,38.336666666666666,2010,2,3472
11,19,23,26.6,0.1,37,30.9,0.4,141,33.0,0.9,40,4,1.0V,,,"(2, 69)",E OFF FUKUSHIMA PREF,141.55,37.515,2010,2,3486
11,20,47,26.4,0.3,37,29.1,0.8,142,10.6,1.5,17,,2.3V,,,"(2, 69)",E OFF FUKUSHIMA PREF,142.17666666666668,37.485,2010,2,3503
11,21,37,57.8,0.0,38,31.4,0.1,141,04.1,0.1,14,1,0.2V,,,"(2, 50)",NORTHERN MIYAGI PREF,141.06833333333333,38.52333333333333,2010,2,3516
11,21,58,52.2,0.3,37,43.2,0.8,142,17.3,1.5,30,4,2.4V,,,"(2, 68)",SE OFF MIYAGI PREF,142.28833333333333,37.72,2010,2,3519
12,00,43,19.0,0.2,37,45.9,0.9,142,41.9,1.1,27,4,1.7V,,,"(2, 70)",FAR E OFF FUKUSHIMA PREF,142.69833333333332,37.765,2010,2,3554
12,04,26,27.1,0.1,37,51.1,0.6,142,15.2,0.8,37,2,1.4V,,,"(2, 68)",SE OFF MIYAGI PREF,142.25333333333333,37.85166666666667,2010,2,3599
12,04,26,52.2,0.1,39,04.0,0.3,141,11.9,0.5,81,1,0.4V,,,"(2, 49)",SOUTHERN IWATE PREF,141.19833333333332,39.06666666666667,2010,2,3600
12,04,41,29.2,0.1,38,08.4,0.5,143,15.3,0.7,33,4,2.0V,,,"(2, 64)",FAR E OFF MIYAGI PREF,143.255,38.14,2010,2,3602
12,05,32,46.1,0.0,38,49.6,0.2,141,35.2,0.4,75,1,2.1V,,,"(2, 50)",NORTHERN MIYAGI PREF,141.58666666666667,38.82666666666667,2010,2,3613
12,07,47,14.5,0.1,37,58.2,0.4,142,24.0,0.7,39,2,2.2V,,,"(2, 68)",SE OFF MIYAGI PREF,142.4,37.97,2010,2,3639
12,10,07,13.4,0.2,37,31.2,0.5,142,08.8,1.5,23,4,2.0V,,,"(2, 69)",E OFF FUKUSHIMA PREF,142.14666666666668,37.52,2010,2,3658
12,11,56,59.7,0.1,37,30.5,0.3,141,33.0,0.8,43,2,1.6V,,,"(2, 69)",E OFF FUKUSHIMA PREF,141.55,37.50833333333333,2010,2,3674
12,12,31,19.2,0.0,37,54.2,0.2,141,10.6,0.4,80,1,1.1V,,,"(2, 67)",SENDAI BAY REGION,141.17666666666668,37.903333333333336,2010,2,3681
12,17,14,33.4,0.0,38,48.5,0.2,141,36.1,0.3,70,1,1.8V,,,"(2, 50)",NORTHERN MIYAGI PREF,141.60166666666666,38.80833333333333,2010,2,3723
12,19,22,20.0,0.1,38,52.4,0.2,141,38.2,0.6,71,1,0.6V,,,"(2, 50)",NORTHERN MIYAGI PREF,141.63666666666666,38.873333333333335,2010,2,3741
12,21,22,34.8,0.1,37,50.1,0.3,141,28.0,0.6,83,1,1.4V,,,"(2, 69)",E OFF FUKUSHIMA PREF,141.46666666666667,37.835,2010,2,3761
12,21,47,40.2,0.1,37,31.3,0.5,141,44.6,0.9,27,4,1.3V,,,"(2, 69)",E OFF FUKUSHIMA PREF,141.74333333333334,37.52166666666667,2010,2,3767
12,22,10,17.4,0.1,38,41.4,0.2,142,13.7,0.7,37,2,1.3V,,,"(2, 65)",E OFF MIYAGI PREF,142.22833333333332,38.69,2010,2,3773
12,22,47,26.9,0.1,37,31.9,0.4,141,43.6,0.7,24,3,1.2V,,,"(2, 69)",E OFF FUKUSHIMA PREF,141.72666666666666,37.531666666666666,2010,2,3780
12,23,09,24.5,0.0,37,43.4,0.2,141,05.2,0.5,80,1,1.3V,,,"(2, 69)",E OFF FUKUSHIMA PREF,141.08666666666667,37.723333333333336,2010,2,3790
13,05,47,03.1,0.1,37,47.7,0.4,142,07.1,0.9,34,2,2.3V,,,"(2, 68)",SE OFF MIYAGI PREF,142.11833333333334,37.795,2010,2,3864
13,06,01,08.1,0.1,37,41.9,0.4,142,16.7,1.0,28,4,1.2V,,,"(2, 68)",SE OFF MIYAGI PREF,142.27833333333334,37.69833333333333,2010,2,3866
13,07,13,13.9,0.2,37,53.5,0.7,142,27.5,1.2,30,3,2.0V,,,"(2, 68)",SE OFF MIYAGI PREF,142.45833333333334,37.891666666666666,2010,2,3885
13,07,36,26.3,0.1,38,12.0,0.6,142,35.0,0.7,35,3,1.4V,,,"(2, 65)",E OFF MIYAGI PREF,142.58333333333334,38.2,2010,2,3887
13,08,20,51.7,0.1,38,42.5,0.2,141,14.5,0.4,75,1,0.2V,,,"(2, 50)",NORTHERN MIYAGI PREF,141.24166666666667,38.708333333333336,2010,2,3897
13,10,16,12.3,0.1,38,01.3,1.0,142,24.3,1.0,28,3,1.1V,,,"(2, 65)",E OFF MIYAGI PREF,142.405,38.02166666666667,2010,2,3912
13,10,52,28.3,0.1,37,28.2,0.4,141,51.1,0.8,35,3,3.5V,,,"(2, 69)",E OFF FUKUSHIMA PREF,141.85166666666666,37.47,2010,2,3923
13,12,14,21.9,0.1,37,37.7,0.3,142,09.0,0.8,27,2,2.1V,,,"(2, 68)",SE OFF MIYAGI PREF,142.15,37.62833333333333,2010,2,3948
13,16,26,29.3,0.1,37,43.8,0.4,142,10.4,0.8,30,2,1.2V,,,"(2, 68)",SE OFF MIYAGI PREF,142.17333333333335,37.73,2010,2,3991
13,16,46,02.1,0.0,38,34.3,0.2,141,18.6,0.3,73,1,1.4V,,,"(2, 50)",NORTHERN MIYAGI PREF,141.31,38.571666666666665,2010,2,3996
13,17,01,24.9,0.1,38,48.4,0.2,141,38.7,0.6,71,1,0.3V,,,"(2, 50)",NORTHERN MIYAGI PREF,141.645,38.806666666666665,2010,2,3998
13,18,11,58.8,0.2,38,08.3,0.6,143,24.0,1.0,37,,3.2V,,,"(2, 64)",FAR E OFF MIYAGI PREF,143.4,38.138333333333335,2010,2,4015
13,19,19,45.3,0.0,38,32.0,0.2,141,49.7,0.7,45,1,0.4V,,,"(2, 66)",KINKAZAN REGION,141.82833333333335,38.53333333333333,2010,2,4030
13,20,27,01.2,0.0,38,47.1,0.2,141,37.5,0.5,68,1,0.8V,,,"(2, 50)",NORTHERN MIYAGI PREF,141.625,38.785,2010,2,4052
13,20,28,25.3,0.1,38,53.7,0.3,141,40.5,0.6,66,1,0.3V,,,"(2, 50)",NORTHERN MIYAGI PREF,141.675,38.895,2010,2,4053
13,21,18,32.7,0.2,37,36.7,0.4,141,44.7,0.9,31,3,1.2V,,,"(2, 69)",E OFF FUKUSHIMA PREF,141.745,37.611666666666665,2010,2,4065
14,00,10,04.5,0.0,38,25.1,0.1,141,57.2,0.4,47,1,0.3V,,,"(2, 65)",E OFF MIYAGI PREF,141.95333333333335,38.41833333333334,2010,2,4108
14,00,14,17.5,0.1,38,04.2,0.4,141,50.9,0.7,43,1,0.9V,,,"(2, 68)",SE OFF MIYAGI PREF,141.84833333333333,38.07,2010,2,4111
14,03,44,46.2,0.0,39,08.0,0.2,142,30.1,0.4,26,1,0.8V,,,"(2, 62)",E OFF IWATE PREF,142.50166666666667,39.13333333333333,2010,2,4179
14,04,07,51.8,0.0,38,51.7,0.2,141,37.0,0.4,72,1,2.1V,,,"(2, 50)",NORTHERN MIYAGI PREF,141.61666666666667,38.861666666666665,2010,2,4188
14,04,24,03.2,0.1,38,23.0,0.5,142,40.2,0.4,29,5,1.3V,,,"(2, 65)",E OFF MIYAGI PREF,142.67,38.38333333333333,2010,2,4193
14,04,41,07.0,0.2,37,45.7,0.5,142,15.6,1.3,33,4,1.9V,,,"(2, 68)",SE OFF MIYAGI PREF,142.26,37.76166666666667,2010,2,4202
14,05,04,51.6,0.1,38,54.4,0.3,142,30.4,0.6,38,2,3.6V,,1,"(2, 65)",E OFF MIYAGI PREF,142.50666666666666,38.906666666666666,2010,2,4209
14,05,38,45.0,0.1,38,41.7,0.2,142,16.0,0.7,37,2,2.0V,,,"(2, 65)",E OFF MIYAGI PREF,142.26666666666668,38.695,2010,2,4215
14,05,55,38.7,0.1,37,26.8,0.4,141,35.2,0.9,44,2,1.7V,,,"(2, 69)",E OFF FUKUSHIMA PREF,141.58666666666667,37.446666666666665,2010,2,4222
14,06,31,59.7,0.1,38,41.8,0.3,142,13.4,0.8,37,3,0.7V,,,"(2, 65)",E OFF MIYAGI PREF,142.22333333333333,38.696666666666665,2010,2,4232
14,07,08,53.9,0.0,38,38.5,0.2,141,15.5,0.4,76,1,0.3V,,,"(2, 50)",NORTHERN MIYAGI PREF,141.25833333333333,38.641666666666666,2010,2,4239
14,07,25,09.3,0.2,38,50.1,0.7,142,35.1,0.9,40,5,0.7V,,,"(2, 65)",E OFF MIYAGI PREF,142.585,38.835,2010,2,4241
14,07,58,13.8,0.1,38,41.4,0.2,142,12.8,0.7,37,2,1.1V,,,"(2, 65)",E OFF MIYAGI PREF,142.21333333333334,38.69,2010,2,4251
14,08,14,17.8,0.1,38,31.0,0.4,142,08.7,1.0,26,4,0.7V,,,"(2, 65)",E OFF MIYAGI PREF,142.145,38.516666666666666,2010,2,4255
14,12,24,15.3,0.0,38,51.9,0.2,141,39.3,0.4,67,1,0.7V,,,"(2, 50)",NORTHERN MIYAGI PREF,141.655,38.865,2010,2,4316
14,12,52,17.1,0.1,38,26.9,0.3,141,56.5,0.8,41,2,0.3V,,,"(2, 65)",E OFF MIYAGI PREF,141.94166666666666,38.44833333333333,2010,2,4320
14,15,43,22.2,0.1,38,36.8,0.3,143,05.1,0.8,15,3,2.3V,,,"(2, 64)",FAR E OFF MIYAGI PREF,143.085,38.61333333333333,2010,2,4362
14,17,07,54.8,0.1,37,42.9,0.4,142,16.4,0.9,35,3,2.6V,,,"(2, 68)",SE OFF MIYAGI PREF,142.27333333333334,37.715,2010,2,4382
14,17,25,50.4,0.1,38,48.1,0.3,141,38.2,0.8,69,1,0.4V,,,"(2, 50)",NORTHERN MIYAGI PREF,141.63666666666666,38.80166666666667,2010,2,4390
14,20,27,03.1,0.1,38,31.5,0.2,141,21.3,0.5,66,1,0.1V,,,"(2, 50)",NORTHERN MIYAGI PREF,141.355,38.525,2010,2,4432
14,21,23,06.2,0.1,37,27.6,0.5,141,30.2,1.0,70,1,0.8V,,,"(2, 69)",E OFF FUKUSHIMA PREF,141.50333333333333,37.46,2010,2,4450
14,22,23,43.5,0.1,38,50.4,0.4,141,35.2,0.7,03,1,1.2V,,,"(2, 50)",NORTHERN MIYAGI PREF,141.58666666666667,38.84,2010,2,4473
14,22,59,30.9,0.1,38,05.0,0.3,141,59.2,0.6,47,1,1.3V,,,"(2, 65)",E OFF MIYAGI PREF,141.98666666666668,38.083333333333336,2010,2,4481
14,23,43,17.9,0.2,38,32.6,0.5,142,10.6,1.1,21,4,0.5V,,,"(2, 65)",E OFF MIYAGI PREF,142.17666666666668,38.54333333333334,2010,2,4496
14,23,59,15.3,0.1,38,41.9,0.2,142,15.4,0.7,38,2,0.8V,,,"(2, 65)",E OFF MIYAGI PREF,142.25666666666666,38.69833333333333,2010,2,4500
15,00,10,57.0,0.1,37,30.3,0.4,141,42.5,0.9,64,2,1.6V,,,"(2, 69)",E OFF FUKUSHIMA PREF,141.70833333333334,37.505,2010,2,4503
15,00,37,15.6,0.1,38,51.3,0.3,141,39.9,0.7,62,1,0.0V,,,"(2, 50)",NORTHERN MIYAGI PREF,141.665,38.855,2010,2,4515
15,01,27,04.1,0.2,38,44.7,0.5,142,11.0,1.1,28,3,0.6V,,,"(2, 65)",E OFF MIYAGI PREF,142.18333333333334,38.745,2010,2,4537
15,03,18,30.3,0.0,38,31.6,0.1,141,03.9,0.1,14,0,0.1V,,,"(2, 50)",NORTHERN MIYAGI PREF,141.065,38.526666666666664,2010,2,4576
15,03,54,57.7,0.1,38,44.9,0.3,141,15.8,0.7,10,1,0.7V,,,"(2, 50)",NORTHERN MIYAGI PREF,141.26333333333332,38.748333333333335,2010,2,4579
15,04,12,54.9,0.1,38,41.7,0.2,142,16.1,0.7,36,2,1.7V,,,"(2, 65)",E OFF MIYAGI PREF,142.26833333333335,38.695,2010,2,4585
15,05,46,14.3,0.2,38,15.3,0.8,142,15.3,1.1,30,4,0.8V,,,"(2, 65)",E OFF MIYAGI PREF,142.255,38.255,2010,2,4617
15,06,02,15.8,0.2,38,45.2,0.6,142,16.2,1.3,38,4,0.6V,,,"(2, 65)",E OFF MIYAGI PREF,142.27,38.75333333333333,2010,2,4619
15,06,47,52.7,0.2,39,11.4,0.7,141,51.3,1.6,90,2,0.6V,,,"(2, 49)",SOUTHERN IWATE PREF,141.855,39.19,2010,2,4629
15,07,45,16.1,0.1,38,27.3,0.4,142,02.7,0.9,36,2,0.9V,,,"(2, 65)",E OFF MIYAGI PREF,142.045,38.455,2010,2,4648
15,07,46,03.3,0.1,38,56.0,0.4,141,35.5,0.9,71,1,0.2V,,,"(2, 50)",NORTHERN MIYAGI PREF,141.59166666666667,38.93333333333333,2010,2,4649
15,09,28,13.3,0.1,38,00.9,0.6,142,23.8,0.7,36,2,1.4V,,,"(2, 65)",E OFF MIYAGI PREF,142.39666666666668,38.015,2010,2,4664
15,10,19,56.7,0.1,37,35.8,0.3,141,41.0,0.5,43,2,1.1V,,,"(2, 69)",E OFF FUKUSHIMA PREF,141.68333333333334,37.596666666666664,2010,2,4680
15,10,43,01.2,0.1,37,33.8,0.5,142,28.8,0.7,25,3,1.8V,,,"(2, 68)",SE OFF MIYAGI PREF,142.48,37.56333333333333,2010,2,4684
15,11,39,29.5,0.1,37,26.2,0.4,141,34.5,0.8,39,3,1.3V,,,"(2, 69)",E OFF FUKUSHIMA PREF,141.575,37.43666666666667,2010,2,4693
15,12,12,39.0,0.2,38,33.5,0.5,142,45.9,1.0,34,,1.7V,,,"(2, 64)",FAR E OFF MIYAGI PREF,142.765,38.55833333333333,2010,2,4702
15,15,31,29.4,0.1,37,47.2,0.6,142,15.4,0.8,40,3,1.5V,,,"(2, 68)",SE OFF MIYAGI PREF,142.25666666666666,37.78666666666667,2010,2,4730
15,16,42,05.1,0.1,37,28.3,0.3,141,33.0,0.8,41,2,1.7V,,,"(2, 69)",E OFF FUKUSHIMA PREF,141.55,37.471666666666664,2010,2,4744
15,16,54,00.7,0.1,38,47.0,0.3,141,44.2,0.7,51,1,0.3V,,,"(2, 66)",KINKAZAN REGION,141.73666666666668,38.78333333333333,2010,2,4747
15,17,04,50.1,0.1,38,29.7,0.4,141,57.3,1.0,21,3,0.7V,,,"(2, 65)",E OFF MIYAGI PREF,141.955,38.495,2010,2,4748
15,21,22,11.6,0.1,38,54.1,0.3,141,40.6,0.7,70,1,0.5V,,,"(2, 50)",NORTHERN MIYAGI PREF,141.67666666666668,38.901666666666664,2010,2,4797
16,01,55,25.7,0.0,38,31.5,0.1,141,04.0,0.1,15,1,1.1V,,,"(2, 50)",NORTHERN MIYAGI PREF,141.06666666666666,38.525,2010,2,4864
16,03,24,08.1,0.0,37,58.2,0.2,141,30.9,0.3,56,1,1.3V,,,"(2, 68)",SE OFF MIYAGI PREF,141.515,37.97,2010,2,4887
16,06,10,24.9,0.1,38,41.2,0.2,142,15.7,0.7,37,2,1.9V,,,"(2, 65)",E OFF MIYAGI PREF,142.26166666666666,38.68666666666667,2010,2,4926
16,06,18,15.0,0.1,38,24.1,0.4,142,29.6,0.5,25,3,1.4V,,,"(2, 65)",E OFF MIYAGI PREF,142.49333333333334,38.401666666666664,2010,2,4927
16,06,25,43.9,0.0,38,34.8,0.1,141,29.5,0.3,70,1,1.7V,,,"(2, 50)",NORTHERN MIYAGI PREF,141.49166666666667,38.58,2010,2,4929
16,06,48,02.7,0.1,38,28.3,0.2,142,37.0,0.7,48,3,1.5V,,,"(2, 65)",E OFF MIYAGI PREF,142.61666666666667,38.471666666666664,2010,2,4934
16,08,58,23.5,0.1,38,54.4,0.4,141,21.8,0.7,03,1,1.0V,,,"(2, 49)",SOUTHERN IWATE PREF,141.36333333333334,38.906666666666666,2010,2,4955
16,09,44,02.7,0.1,38,52.4,0.3,141,40.5,0.6,62,1,0.6V,,,"(2, 50)",NORTHERN MIYAGI PREF,141.675,38.873333333333335,2010,2,4957
16,11,46,50.0,0.1,37,31.5,0.4,141,33.5,0.9,38,3,1.2V,,,"(2, 69)",E OFF FUKUSHIMA PREF,141.55833333333334,37.525,2010,2,4986
16,13,25,51.1,0.1,38,40.9,0.3,142,14.0,0.9,36,4,1.0V,,,"(2, 65)",E OFF MIYAGI PREF,142.23333333333332,38.681666666666665,2010,2,5010
16,15,27,04.1,0.2,37,50.0,0.5,142,08.6,1.1,33,3,1.6V,,,"(2, 68)",SE OFF MIYAGI PREF,142.14333333333335,37.833333333333336,2010,2,5041
16,17,29,00.9,0.2,37,25.6,0.8,143,36.5,1.4,44,,4.1V,,,"(2, 70)",FAR E OFF FUKUSHIMA PREF,143.60833333333332,37.42666666666667,2010,2,5065
16,19,20,59.5,0.1,38,41.1,0.5,141,08.7,0.7,81,1,0.4v,,,"(2, 50)",NORTHERN MIYAGI PREF,141.145,38.685,2010,2,5098
17,00,06,59.5,0.0,38,55.5,0.2,141,40.7,0.4,66,1,0.6V,,,"(2, 50)",NORTHERN MIYAGI PREF,141.67833333333334,38.925,2010,2,5168
17,01,20,18.0,0.4,37,42.1,1.2,142,33.9,1.6,20,4,2.1V,,,"(2, 68)",SE OFF MIYAGI PREF,142.565,37.70166666666667,2010,2,5188
17,02,05,36.9,0.0,38,56.4,0.2,142,13.5,0.5,46,1,2.3V,,,"(2, 65)",E OFF MIYAGI PREF,142.225,38.94,2010,2,5199
17,02,42,59.1,0.1,39,07.4,0.3,142,25.2,0.6,30,2,0.6V,,,"(2, 62)",E OFF IWATE PREF,142.42,39.123333333333335,2010,2,5206
17,04,05,46.0,0.1,37,31.4,0.3,141,34.1,0.7,43,2,1.6V,,,"(2, 69)",E OFF FUKUSHIMA PREF,141.56833333333333,37.52333333333333,2010,2,5237
17,04,15,25.7,0.1,38,22.5,0.4,142,28.4,0.7,29,2,1.7V,,,"(2, 65)",E OFF MIYAGI PREF,142.47333333333333,38.375,2010,2,5243
17,06,03,47.7,0.1,38,42.5,0.5,143,06.5,0.8,28,,1.4V,,,"(2, 64)",FAR E OFF MIYAGI PREF,143.10833333333332,38.708333333333336,2010,2,5269
17,06,13,11.1,0.2,38,43.5,0.5,143,06.5,0.9,20,,2.1V,,,"(2, 64)",FAR E OFF MIYAGI PREF,143.10833333333332,38.725,2010,2,5271
17,06,43,32.5,0.1,38,43.6,0.4,143,07.5,0.7,26,,1.5V,,,"(2, 64)",FAR E OFF MIYAGI PREF,143.125,38.72666666666667,2010,2,5276
17,07,11,23.3,0.1,38,54.5,0.2,142,29.2,0.6,36,2,1.5V,,,"(2, 65)",E OFF MIYAGI PREF,142.48666666666668,38.90833333333333,2010,2,5281
17,07,55,01.2,0.1,38,49.7,0.3,141,20.6,0.5,10,1,2.4V,,,"(2, 49)",SOUTHERN IWATE PREF,141.34333333333333,38.82833333333333,2010,2,5293
17,09,43,59.3,0.2,39,02.2,0.7,143,17.8,1.1,22,,1.8V,,,"(2, 63)",FAR E OFF SANRIKU,143.29666666666665,39.03666666666667,2010,2,5311
17,11,14,31.0,0.1,38,20.2,0.5,142,18.0,1.1,40,3,1.4V,,,"(2, 65)",E OFF MIYAGI PREF,142.3,38.336666666666666,2010,2,5322
17,15,01,59.7,0.1,37,31.5,0.5,141,34.0,0.9,37,4,1.2V,,,"(2, 69)",E OFF FUKUSHIMA PREF,141.56666666666666,37.525,2010,2,5361
17,16,37,53.9,0.1,37,45.3,0.4,141,44.0,0.7,38,2,1.6V,,,"(2, 69)",E OFF FUKUSHIMA PREF,141.73333333333332,37.755,2010,2,5379
17,18,05,20.4,0.1,37,31.1,0.5,141,33.0,1.0,41,3,1.0V,,,"(2, 69)",E OFF FUKUSHIMA PREF,141.55,37.51833333333333,2010,2,5392
17,19,47,50.0,0.1,39,11.3,0.3,141,11.6,0.4,89,1,0.6V,,,"(2, 49)",SOUTHERN IWATE PREF,141.19333333333333,39.18833333333333,2010,2,5421
17,20,25,33.8,0.2,37,44.8,0.5,142,12.4,0.9,34,3,1.6V,,,"(2, 68)",SE OFF MIYAGI PREF,142.20666666666668,37.74666666666667,2010,2,5431
17,20,27,16.0,0.1,39,09.6,0.4,142,14.1,0.8,36,2,1.2V,,,"(2, 62)",E OFF IWATE PREF,142.235,39.16,2010,2,5432
17,21,08,24.6,0.1,37,49.3,0.5,141,57.6,0.8,40,2,0.9V,,,"(2, 68)",SE OFF MIYAGI PREF,141.96,37.821666666666665,2010,2,5444
17,22,26,55.5,0.1,39,05.5,0.4,142,25.8,0.9,72,2,0.7V,,,"(2, 62)",E OFF IWATE PREF,142.43,39.09166666666667,2010,2,5467
17,23,48,11.2,0.0,37,51.6,0.2,141,32.4,0.4,78,1,0.7V,,,"(2, 68)",SE OFF MIYAGI PREF,141.54,37.86,2010,2,5489
17,23,58,44.6,0.1,38,33.6,0.6,143,01.9,0.7,19,,1.3V,,,"(2, 64)",FAR E OFF MIYAGI PREF,143.03166666666667,38.56,2010,2,5493
18,02,13,48.9,0.1,38,39.1,0.3,141,10.4,0.4,78,1,0.0V,,,"(2, 50)",NORTHERN MIYAGI PREF,141.17333333333335,38.651666666666664,2010,2,5534
18,03,21,47.4,0.0,38,34.0,0.1,141,48.9,0.2,10,1,0.9V,,,"(2, 66)",KINKAZAN REGION,141.815,38.56666666666667,2010,2,5548
18,04,35,49.8,0.1,39,04.6,0.3,141,11.8,0.4,81,1,0.6V,,,"(2, 49)",SOUTHERN IWATE PREF,141.19666666666666,39.07666666666667,2010,2,5570
18,05,03,19.9,0.1,38,21.1,0.5,142,31.0,0.6,26,3,1.3V,,,"(2, 65)",E OFF MIYAGI PREF,142.51666666666668,38.35166666666667,2010,2,5578
18,06,57,16.5,0.1,37,43.5,0.3,142,06.1,0.7,32,3,1.3V,,,"(2, 68)",SE OFF MIYAGI PREF,142.10166666666666,37.725,2010,2,5601
18,07,49,31.3,0.2,38,48.6,0.4,142,24.3,1.0,34,3,3.1V,,,"(2, 65)",E OFF MIYAGI PREF,142.405,38.81,2010,2,5613
18,07,49,51.8,0.3,38,49.5,1.0,142,21.8,1.5,39,,2.6V,,,"(2, 65)",E OFF MIYAGI PREF,142.36333333333334,38.825,2010,2,5614
18,10,03,26.6,0.1,38,44.2,0.4,142,20.6,1.1,40,4,0.8V,,,"(2, 65)",E OFF MIYAGI PREF,142.34333333333333,38.736666666666665,2010,2,5637
18,12,22,07.0,0.0,38,31.6,0.1,141,03.9,0.1,15,1,0.3V,,,"(2, 50)",NORTHERN MIYAGI PREF,141.065,38.526666666666664,2010,2,5659
18,12,58,11.2,0.2,37,35.0,0.5,141,46.8,0.8,21,4,1.3V,,,"(2, 69)",E OFF FUKUSHIMA PREF,141.78,37.583333333333336,2010,2,5663
18,14,06,53.9,0.1,38,40.8,0.2,142,11.5,0.8,29,3,1.3V,,,"(2, 65)",E OFF MIYAGI PREF,142.19166666666666,38.68,2010,2,5674
18,14,55,51.7,0.0,38,43.6,0.1,141,06.3,0.1,8,1,1.2V,,,"(2, 50)",NORTHERN MIYAGI PREF,141.105,38.72666666666667,2010,2,5689
18,16,23,15.1,0.1,38,12.8,0.7,142,12.6,0.9,32,3,1.0V,,,"(2, 65)",E OFF MIYAGI PREF,142.21,38.21333333333333,2010,2,5709
18,16,44,10.3,0.0,39,08.6,0.1,141,12.8,0.1,10,1,0.4V,,,"(2, 49)",SOUTHERN IWATE PREF,141.21333333333334,39.14333333333333,2010,2,5711
18,17,03,18.4,0.2,38,00.3,0.9,142,36.2,1.0,29,,1.2V,,,"(2, 65)",E OFF MIYAGI PREF,142.60333333333332,38.005,2010,2,5715
18,17,16,53.1,0.1,38,42.0,0.3,142,14.9,1.1,38,4,0.8V,,,"(2, 65)",E OFF MIYAGI PREF,142.24833333333333,38.7,2010,2,5719
18,18,16,32.5,0.1,39,04.1,0.3,141,33.1,0.4,58,1,0.1V,,,"(2, 49)",SOUTHERN IWATE PREF,141.55166666666668,39.068333333333335,2010,2,5727
18,18,57,52.7,0.1,38,27.9,0.3,142,19.8,0.7,33,3,1.3V,,,"(2, 65)",E OFF MIYAGI PREF,142.33,38.465,2010,2,5734
18,20,02,05.2,0.2,38,45.5,0.9,142,46.4,0.9,32,,,,,"(2, 64)",FAR E OFF MIYAGI PREF,142.77333333333334,38.75833333333333,2010,2,5755
18,22,24,02.7,0.1,38,40.1,0.4,141,15.0,0.6,09,1,0.7V,,,"(2, 50)",NORTHERN MIYAGI PREF,141.25,38.66833333333334,2010,2,5791
19,01,12,07.5,0.1,38,53.0,0.2,142,00.7,0.6,47,1,2.6V,,,"(2, 66)",KINKAZAN REGION,142.01166666666666,38.88333333333333,2010,2,5840
19,02,31,52.3,0.2,37,28.3,0.5,142,06.9,1.0,23,4,1.5V,,,"(2, 69)",E OFF FUKUSHIMA PREF,142.115,37.471666666666664,2010,2,5859
19,03,32,09.1,0.2,38,54.8,0.7,142,53.8,1.2,23,4,1.5V,,,"(2, 64)",FAR E OFF MIYAGI PREF,142.89666666666668,38.913333333333334,2010,2,5872
19,06,30,56.9,0.1,38,42.7,0.3,142,16.7,0.7,34,2,2.9V,,,"(2, 65)",E OFF MIYAGI PREF,142.27833333333334,38.711666666666666,2010,2,5913
19,06,53,45.9,0.1,38,53.4,0.3,141,40.0,0.5,66,1,0.9V,,,"(2, 50)",NORTHERN MIYAGI PREF,141.66666666666666,38.89,2010,2,5919
19,07,00,19.8,0.1,38,16.8,0.5,142,16.5,0.8,34,3,1.2V,,,"(2, 65)",E OFF MIYAGI PREF,142.275,38.28,2010,2,5922
19,09,32,16.9,0.1,38,44.5,0.2,141,33.8,0.6,56,1,0.6V,,,"(2, 50)",NORTHERN MIYAGI PREF,141.56333333333333,38.74166666666667,2010,2,5956
19,12,33,03.1,0.1,37,54.1,0.6,142,08.9,0.9,25,2,1.2V,,,"(2, 68)",SE OFF MIYAGI PREF,142.14833333333334,37.901666666666664,2010,2,5995
19,13,38,21.3,0.1,38,24.9,0.3,142,07.4,0.6,33,1,1.8V,,,"(2, 65)",E OFF MIYAGI PREF,142.12333333333333,38.415,2010,2,6005
19,13,51,19.0,0.1,39,03.8,0.6,141,19.5,1.4,10,1,0.6V,,,"(2, 49)",SOUTHERN IWATE PREF,141.325,39.06333333333333,2010,2,6007
19,14,16,50.3,0.2,38,56.3,0.5,142,27.8,1.0,33,4,0.8V,,,"(2, 65)",E OFF MIYAGI PREF,142.46333333333334,38.93833333333333,2010,2,6010
19,14,55,19.5,0.2,38,55.6,0.6,142,28.7,1.1,33,5,1.3V,,,"(2, 65)",E OFF MIYAGI PREF,142.47833333333332,38.92666666666667,2010,2,6019
19,15,42,26.8,0.1,38,23.8,0.4,142,19.3,0.8,34,2,1.9V,,,"(2, 65)",E OFF MIYAGI PREF,142.32166666666666,38.39666666666667,2010,2,6026
19,15,48,53.2,0.1,38,51.2,0.3,141,36.6,0.7,74,1,0.6V,,,"(2, 50)",NORTHERN MIYAGI PREF,141.61,38.85333333333333,2010,2,6029
19,16,41,06.8,0.1,37,37.8,0.4,141,39.7,0.9,40,3,1.1V,,,"(2, 69)",E OFF FUKUSHIMA PREF,141.66166666666666,37.63,2010,2,6035
19,16,51,30.4,0.2,38,56.6,0.4,142,27.3,1.0,34,4,0.9V,,,"(2, 65)",E OFF MIYAGI PREF,142.455,38.943333333333335,2010,2,6040
19,17,20,54.4,0.2,38,56.6,0.6,142,27.3,1.0,35,,0.7V,,,"(2, 65)",E OFF MIYAGI PREF,142.455,38.943333333333335,2010,2,6048
19,22,49,20.3,0.0,39,10.4,0.1,141,54.0,0.2,11,1,1.5V,,,"(2, 49)",SOUTHERN IWATE PREF,141.9,39.17333333333333,2010,2,6133
20,00,47,24.5,0.1,37,37.3,0.3,141,46.4,0.6,24,2,1.9V,,,"(2, 69)",E OFF FUKUSHIMA PREF,141.77333333333334,37.62166666666667,2010,2,6157
20,01,19,22.1,0.0,38,48.8,0.2,141,10.4,0.3,83,1,1.6V,,,"(2, 49)",SOUTHERN IWATE PREF,141.17333333333335,38.81333333333333,2010,2,6164
20,05,36,38.0,0.2,37,49.5,0.8,142,11.2,1.2,38,3,1.1V,,,"(2, 68)",SE OFF MIYAGI PREF,142.18666666666667,37.825,2010,2,6214
20,06,22,56.3,0.2,38,55.5,0.6,142,28.9,1.0,32,,0.9V,,,"(2, 65)",E OFF MIYAGI PREF,142.48166666666665,38.925,2010,2,6231
20,06,25,47.9,0.1,38,55.2,0.4,142,28.8,0.8,30,2,1.3V,,,"(2, 65)",E OFF MIYAGI PREF,142.48,38.92,2010,2,6232
20,08,01,43.3,0.0,38,55.9,0.2,141,40.3,0.4,66,1,0.9V,,,"(2, 50)",NORTHERN MIYAGI PREF,141.67166666666665,38.931666666666665,2010,2,6251
20,08,23,58.2,0.1,38,13.2,0.3,141,47.8,0.6,80,1,1.1V,,,"(2, 65)",E OFF MIYAGI PREF,141.79666666666665,38.22,2010,2,6254
20,08,25,38.9,0.1,39,09.0,0.4,142,25.8,0.6,30,2,0.6V,,,"(2, 62)",E OFF IWATE PREF,142.43,39.15,2010,2,6255
20,08,39,45.0,0.1,39,07.1,0.2,142,28.8,0.4,26,1,0.6V,,,"(2, 62)",E OFF IWATE PREF,142.48,39.11833333333333,2010,2,6258
20,09,27,19.2,0.2,37,49.4,0.6,142,06.1,1.0,38,2,1.2V,,,"(2, 68)",SE OFF MIYAGI PREF,142.10166666666666,37.82333333333333,2010,2,6267
20,09,37,26.2,0.0,38,15.1,0.2,141,43.5,0.4,54,1,0.9V,,,"(2, 65)",E OFF MIYAGI PREF,141.725,38.251666666666665,2010,2,6269
20,14,59,13.1,0.0,38,19.5,0.2,141,37.9,0.3,60,1,2.0V,,,"(2, 66)",KINKAZAN REGION,141.63166666666666,38.325,2010,2,6320
20,23,43,56.1,0.2,38,01.3,0.5,142,24.7,1.0,33,2,1.7V,,,"(2, 65)",E OFF MIYAGI PREF,142.41166666666666,38.02166666666667,2010,2,6438
21,01,20,24.4,0.0,39,06.9,0.2,141,03.8,0.3,94,1,0.9V,,,"(2, 49)",SOUTHERN IWATE PREF,141.06333333333333,39.115,2010,2,6469
21,01,25,54.4,0.0,38,30.3,0.2,141,22.7,0.3,66,1,3.0V,,,"(2, 50)",NORTHERN MIYAGI PREF,141.37833333333333,38.505,2010,2,6472
21,02,01,14.8,0.1,37,45.0,0.5,142,06.5,0.9,36,3,1.2V,,,"(2, 68)",SE OFF MIYAGI PREF,142.10833333333332,37.75,2010,2,6481
21,02,13,25.7,0.1,37,56.8,0.7,142,01.7,1.3,76,1,1.0V,,,"(2, 68)",SE OFF MIYAGI PREF,142.02833333333334,37.946666666666665,2010,2,6487
21,03,08,20.1,0.2,37,33.3,0.7,142,32.9,1.3,27,,2.6V,,,"(2, 68)",SE OFF MIYAGI PREF,142.54833333333335,37.555,2010,2,6505
21,03,09,24.7,0.2,37,30.1,1.1,142,38.9,1.2,32,,2.0V,,,"(2, 70)",FAR E OFF FUKUSHIMA PREF,142.64833333333334,37.501666666666665,2010,2,6506
21,03,45,08.7,0.2,37,45.6,0.4,142,06.4,1.0,28,3,1.5V,,,"(2, 68)",SE OFF MIYAGI PREF,142.10666666666665,37.76,2010,2,6512
21,04,01,26.7,0.2,38,54.6,0.7,142,29.1,1.1,34,,0.7v,,,"(2, 65)",E OFF MIYAGI PREF,142.485,38.91,2010,2,6519
21,04,03,15.8,0.2,37,54.7,1.9,142,22.5,1.9,28,,0.9v,,,"(2, 68)",SE OFF MIYAGI PREF,142.375,37.91166666666667,2010,2,6520
21,06,22,11.1,0.1,38,10.7,0.6,142,09.0,1.0,34,2,0.9V,,,"(2, 65)",E OFF MIYAGI PREF,142.15,38.178333333333335,2010,2,6550
21,07,19,11.2,0.1,38,46.8,0.3,142,25.9,0.9,35,3,2.2V,,,"(2, 65)",E OFF MIYAGI PREF,142.43166666666667,38.78,2010,2,6559
21,07,21,16.4,0.1,38,46.6,0.4,142,26.1,0.9,35,3,1.7V,,,"(2, 65)",E OFF MIYAGI PREF,142.435,38.776666666666664,2010,2,6560
21,09,24,11.7,0.0,38,44.5,0.1,141,02.5,0.1,8,1,1.0V,,,"(2, 50)",NORTHERN MIYAGI PREF,141.04166666666666,38.74166666666667,2010,2,6583
21,09,56,56.7,0.1,37,30.6,0.3,141,34.1,0.7,45,2,4.8D,5.2V,3,"(2, 69)",E OFF FUKUSHIMA PREF     NPS,141.56833333333333,37.51,2010,2,6588
21,11,01,50.7,0.1,37,30.0,0.3,141,35.6,0.7,40,2,1.8V,,,"(2, 69)",E OFF FUKUSHIMA PREF,141.59333333333333,37.5,2010,2,6592
21,11,18,47.3,0.1,37,47.9,0.3,142,21.6,0.6,36,2,2.3V,,,"(2, 68)",SE OFF MIYAGI PREF,142.36,37.79833333333333,2010,2,6596
21,11,28,24.0,0.2,37,28.3,0.6,142,37.7,1.0,30,,2.1V,,,"(2, 70)",FAR E OFF FUKUSHIMA PREF,142.62833333333333,37.471666666666664,2010,2,6604
21,12,13,11.5,0.1,38,44.0,0.3,141,20.2,0.7,76,1,0.3V,,,"(2, 50)",NORTHERN MIYAGI PREF,141.33666666666667,38.733333333333334,2010,2,6613
21,14,08,26.5,0.2,37,29.1,0.5,141,48.0,0.9,32,,1.2V,,,"(2, 69)",E OFF FUKUSHIMA PREF,141.8,37.485,2010,2,6641
21,15,35,57.0,0.1,38,51.7,0.2,141,39.6,0.6,66,1,0.7V,,,"(2, 50)",NORTHERN MIYAGI PREF,141.66,38.861666666666665,2010,2,6655
21,15,45,50.8,0.1,37,30.1,0.3,141,34.3,0.7,44,2,2.7V,,,"(2, 69)",E OFF FUKUSHIMA PREF,141.57166666666666,37.501666666666665,2010,2,6658
21,16,02,11.6,0.2,37,59.5,0.5,142,21.3,0.9,38,3,1.5V,,,"(2, 68)",SE OFF MIYAGI PREF,142.355,37.99166666666667,2010,2,6662
21,16,18,02.1,0.1,37,56.7,0.7,142,30.5,1.0,46,3,1.8V,,,"(2, 68)",SE OFF MIYAGI PREF,142.50833333333333,37.945,2010,2,6665
21,16,38,46.7,0.1,38,21.8,0.3,142,38.5,0.4,26,2,2.1V,,,"(2, 65)",E OFF MIYAGI PREF,142.64166666666668,38.36333333333334,2010,2,6673
21,17,05,09.7,0.1,38,22.3,0.4,142,14.8,0.8,36,2,3.3V,,,"(2, 65)",E OFF MIYAGI PREF,142.24666666666667,38.37166666666667,2010,2,6679
21,17,44,07.1,0.1,38,28.2,0.3,142,10.0,0.6,32,2,0.8V,,,"(2, 65)",E OFF MIYAGI PREF,142.16666666666666,38.47,2010,2,6700
21,18,23,02.6,0.2,38,55.5,0.5,142,30.7,0.8,31,5,0.7v,,,"(2, 65)",E OFF MIYAGI PREF,142.51166666666666,38.925,2010,2,6711
21,18,25,12.3,0.1,37,31.9,0.2,141,11.3,0.6,60,1,0.7V,,,"(2, 69)",E OFF FUKUSHIMA PREF,141.18833333333333,37.531666666666666,2010,2,6712
21,18,40,08.6,0.2,39,07.2,0.4,142,17.4,0.9,32,4,,,,"(2, 62)",E OFF IWATE PREF,142.29,39.12,2010,2,6718
21,18,50,12.1,0.1,38,49.1,0.3,141,40.6,1.0,58,1,0.0V,,,"(2, 50)",NORTHERN MIYAGI PREF,141.67666666666668,38.818333333333335,2010,2,6721
21,20,02,04.3,0.2,37,31.4,0.5,141,34.4,1.1,35,3,0.9V,,,"(2, 69)",E OFF FUKUSHIMA PREF,141.57333333333332,37.52333333333333,2010,2,6740
21,20,58,15.2,0.1,38,42.4,0.5,143,08.0,0.7,25,,1.5V,,,"(2, 64)",FAR E OFF MIYAGI PREF,143.13333333333333,38.70666666666666,2010,2,6753
21,22,34,31.8,0.1,38,38.1,0.2,142,08.5,0.7,30,2,1.3V,,,"(2, 65)",E OFF MIYAGI PREF,142.14166666666668,38.635,2010,2,6791
21,23,25,02.8,0.0,39,03.3,0.2,141,23.5,0.4,75,1,2.2V,,,"(2, 49)",SOUTHERN IWATE PREF,141.39166666666668,39.055,2010,2,6810
22,02,19,19.8,0.2,38,52.5,0.7,142,30.9,1.0,37,4,0.8V,,,"(2, 65)",E OFF MIYAGI PREF,142.515,38.875,2010,2,6879
22,05,02,50.4,0.1,38,48.9,0.3,141,39.3,0.7,71,1,0.2V,,,"(2, 50)",NORTHERN MIYAGI PREF,141.655,38.815,2010,2,6937
22,07,13,19.0,0.1,38,31.3,0.3,143,00.5,0.5,25,,1.4V,,,"(2, 64)",FAR E OFF MIYAGI PREF,143.00833333333333,38.52166666666667,2010,2,6982
22,07,36,03.3,0.0,38,48.0,0.2,141,36.7,0.4,71,1,1.7V,,,"(2, 50)",NORTHERN MIYAGI PREF,141.61166666666668,38.8,2010,2,6989
22,07,43,32.0,0.1,38,45.9,0.4,141,30.4,0.9,01,1,1.0V,,,"(2, 50)",NORTHERN MIYAGI PREF,141.50666666666666,38.765,2010,2,6991
22,07,57,03.6,0.1,37,45.0,0.4,141,45.9,0.7,36,2,1.2V,,,"(2, 68)",SE OFF MIYAGI PREF,141.765,37.75,2010,2,6995
22,08,01,13.4,0.1,38,45.0,0.4,142,21.5,1.0,37,3,1.2V,,,"(2, 65)",E OFF MIYAGI PREF,142.35833333333332,38.75,2010,2,6997
22,09,56,41.4,0.0,38,49.9,0.2,141,39.2,0.4,63,1,1.4V,,,"(2, 50)",NORTHERN MIYAGI PREF,141.65333333333334,38.83166666666666,2010,2,7019
22,10,19,32.8,0.1,38,16.8,0.4,142,16.5,0.6,34,2,1.2V,,,"(2, 65)",E OFF MIYAGI PREF,142.275,38.28,2010,2,7021
22,13,02,54.9,0.2,38,14.1,0.6,142,16.4,1.1,36,2,2.0V,,,"(2, 65)",E OFF MIYAGI PREF,142.27333333333334,38.235,2010,2,7038
22,14,04,10.7,0.2,38,59.3,0.4,142,26.7,1.0,33,3,0.9V,,,"(2, 65)",E OFF MIYAGI PREF,142.445,38.98833333333333,2010,2,7053
22,14,08,12.1,0.0,38,55.5,0.2,141,40.8,0.5,66,1,0.6V,,,"(2, 50)",NORTHERN MIYAGI PREF,141.68,38.925,2010,2,7054
22,14,31,44.8,0.2,37,49.7,0.7,142,10.9,1.1,34,3,2.2V,,,"(2, 68)",SE OFF MIYAGI PREF,142.18166666666667,37.82833333333333,2010,2,7066
22,14,47,02.3,0.1,38,16.1,0.5,142,15.8,0.8,31,2,1.6V,,,"(2, 65)",E OFF MIYAGI PREF,142.26333333333332,38.26833333333333,2010,2,7070
22,15,33,19.1,0.1,38,48.9,0.4,141,37.0,1.0,71,1,,,,"(2, 50)",NORTHERN MIYAGI PREF,141.61666666666667,38.815,2010,2,7083
22,17,22,26.7,0.1,37,39.0,0.3,141,49.6,0.6,41,2,1.4V,,,"(2, 69)",E OFF FUKUSHIMA PREF,141.82666666666665,37.65,2010,2,7108
22,20,09,02.5,0.1,38,59.3,0.3,141,50.4,0.6,57,1,0.4V,,,"(2, 66)",KINKAZAN REGION,141.84,38.98833333333333,2010,2,7164
23,03,59,59.2,0.1,38,53.2,0.2,141,22.7,0.5,76,1,0.7V,,,"(2, 49)",SOUTHERN IWATE PREF,141.37833333333333,38.88666666666667,2010,2,7283
23,05,30,35.4,0.1,38,22.9,0.4,142,26.7,0.5,25,2,1.7V,,,"(2, 65)",E OFF MIYAGI PREF,142.445,38.38166666666667,2010,2,7302
23,06,33,56.5,0.1,38,50.1,0.2,141,35.8,0.6,72,1,0.3V,,,"(2, 50)",NORTHERN MIYAGI PREF,141.59666666666666,38.835,2010,2,7314
23,06,58,38.1,0.2,38,52.0,0.8,144,17.4,1.1,40,,2.4V,,,"(8,327)",FAR E OFF NORTH HONSHU,144.29,38.86666666666667,2010,2,7319
23,07,10,41.7,0.0,38,49.4,0.2,141,35.5,0.5,73,1,0.7V,,,"(2, 50)",NORTHERN MIYAGI PREF,141.59166666666667,38.82333333333333,2010,2,7321
23,07,56,03.0,0.1,38,16.0,0.3,142,02.5,0.6,39,1,1.1V,,,"(2, 65)",E OFF MIYAGI PREF,142.04166666666666,38.266666666666666,2010,2,7328
23,08,49,34.8,0.1,37,52.1,0.7,144,09.0,0.9,37,,3.1V,,,"(8,327)",FAR E OFF NORTH HONSHU,144.15,37.86833333333333,2010,2,7338
23,09,11,01.6,0.1,38,43.8,0.3,142,18.6,0.8,37,3,1.3V,,,"(2, 65)",E OFF MIYAGI PREF,142.31,38.73,2010,2,7340
23,10,05,48.6,0.0,38,40.5,0.1,141,00.1,0.1,14,1,1.1V,,,"(2, 50)",NORTHERN MIYAGI PREF,141.00166666666667,38.675,2010,2,7348
23,13,14,28.9,0.2,37,24.4,0.5,141,46.2,1.0,31,,1.7V,,,"(2, 69)",E OFF FUKUSHIMA PREF,141.77,37.406666666666666,2010,2,7381
23,15,25,00.3,0.4,37,24.2,1.1,143,05.4,1.8,39,,2.1V,,,"(2, 70)",FAR E OFF FUKUSHIMA PREF,143.09,37.403333333333336,2010,2,7410
23,15,37,55.4,0.1,37,52.1,0.4,142,01.8,0.8,39,2,1.3V,,,"(2, 68)",SE OFF MIYAGI PREF,142.03,37.86833333333333,2010,2,7414
23,15,57,26.4,0.2,38,53.8,0.6,142,28.7,0.9,41,,0.9V,,,"(2, 65)",E OFF MIYAGI PREF,142.47833333333332,38.89666666666667,2010,2,7418
23,16,08,44.3,0.1,38,00.5,0.4,142,12.2,0.9,40,2,2.2V,,,"(2, 68)",SE OFF MIYAGI PREF,142.20333333333335,38.00833333333333,2010,2,7424
23,18,03,33.6,0.0,38,28.6,0.1,141,11.5,0.1,12,1,1.7V,,,"(2, 50)",NORTHERN MIYAGI PREF,141.19166666666666,38.47666666666667,2010,2,7442
23,19,19,30.7,0.1,37,31.5,0.3,141,32.6,0.9,45,2,1.6V,,,"(2, 69)",E OFF FUKUSHIMA PREF,141.54333333333332,37.525,2010,2,7467
23,20,56,32.6,0.1,37,34.5,0.3,141,52.8,0.7,37,3,2.4V,,,"(2, 69)",E OFF FUKUSHIMA PREF,141.88,37.575,2010,2,7497
23,22,19,43.2,0.1,38,47.2,0.3,141,24.0,0.8,03,1,0.9V,,,"(2, 50)",NORTHERN MIYAGI PREF,141.4,38.78666666666667,2010,2,7525
23,23,54,32.3,0.1,38,28.8,0.2,141,56.2,0.9,80,1,0.5V,,,"(2, 65)",E OFF MIYAGI PREF,141.93666666666667,38.48,2010,2,7551
24,00,05,18.6,0.1,38,59.5,0.2,142,23.5,0.5,24,2,0.7V,,,"(2, 65)",E OFF MIYAGI PREF,142.39166666666668,38.99166666666667,2010,2,7552
24,00,34,54.0,0.1,38,35.5,0.3,142,11.8,0.9,33,3,0.7V,,,"(2, 65)",E OFF MIYAGI PREF,142.19666666666666,38.59166666666667,2010,2,7564
24,00,37,58.9,0.1,37,46.5,0.4,142,06.0,0.7,34,2,1.3V,,,"(2, 68)",SE OFF MIYAGI PREF,142.1,37.775,2010,2,7567
24,01,26,32.2,0.2,37,51.8,0.6,142,09.2,1.1,37,3,1.3V,,,"(2, 68)",SE OFF MIYAGI PREF,142.15333333333334,37.86333333333333,2010,2,7576
24,02,27,35.1,0.1,37,54.0,0.4,142,21.1,0.6,39,2,1.5V,,,"(2, 68)",SE OFF MIYAGI PREF,142.35166666666666,37.9,2010,2,7590
24,03,08,20.9,0.1,38,22.7,0.4,141,14.1,0.5,76,1,0.4V,,,"(2, 67)",SENDAI BAY REGION,141.235,38.37833333333333,2010,2,7598
24,04,49,50.8,0.1,38,40.8,0.3,142,14.1,0.8,38,4,0.5V,,,"(2, 65)",E OFF MIYAGI PREF,142.235,38.68,2010,2,7623
24,05,47,26.1,0.1,39,11.1,0.5,141,20.6,0.8,14,1,1.1V,,,"(2, 49)",SOUTHERN IWATE PREF,141.34333333333333,39.185,2010,2,7641
24,08,50,52.5,0.1,37,46.4,0.4,142,05.0,0.7,40,2,1.2V,,,"(2, 68)",SE OFF MIYAGI PREF,142.08333333333334,37.77333333333333,2010,2,7689
24,09,20,17.0,0.0,38,35.9,0.2,141,25.5,0.3,67,1,1.1V,,,"(2, 50)",NORTHERN MIYAGI PREF,141.425,38.598333333333336,2010,2,7702
24,09,51,08.7,0.3,37,48.0,1.0,142,01.4,1.4,32,3,1.7V,,,"(2, 68)",SE OFF MIYAGI PREF,142.02333333333334,37.8,2010,2,7705
24,12,38,25.8,0.2,38,29.6,0.5,143,06.1,0.9,9,4,1.6V,,,"(2, 64)",FAR E OFF MIYAGI PREF,143.10166666666666,38.49333333333333,2010,2,7736
24,13,44,58.6,0.0,38,40.2,0.1,141,05.0,0.1,9,1,0.2V,,,"(2, 50)",NORTHERN MIYAGI PREF,141.08333333333334,38.67,2010,2,7748
24,13,49,07.1,0.2,38,42.6,0.3,142,11.3,0.9,19,4,0.9V,,,"(2, 65)",E OFF MIYAGI PREF,142.18833333333333,38.71,2010,2,7749
24,13,58,43.9,0.2,38,00.9,1.2,142,19.3,1.5,40,4,1.2V,,,"(2, 65)",E OFF MIYAGI PREF,142.32166666666666,38.015,2010,2,7750
24,14,44,44.5,0.3,38,12.6,0.9,142,28.6,0.9,13,,1.3V,,,"(2, 65)",E OFF MIYAGI PREF,142.47666666666666,38.21,2010,2,7756
24,14,49,43.3,0.1,37,31.1,0.3,141,32.7,0.8,43,3,1.3V,,,"(2, 69)",E OFF FUKUSHIMA PREF,141.545,37.51833333333333,2010,2,7759
24,16,00,40.6,0.2,37,47.4,0.6,142,08.2,1.2,29,3,1.7V,,,"(2, 68)",SE OFF MIYAGI PREF,142.13666666666666,37.79,2010,2,7774
24,17,51,29.6,0.2,37,25.8,0.7,141,41.7,1.4,45,4,1.1V,,,"(2, 69)",E OFF FUKUSHIMA PREF,141.695,37.43,2010,2,7795
24,19,29,33.0,0.1,38,49.3,0.3,141,35.6,0.8,72,1,0.2V,,,"(2, 50)",NORTHERN MIYAGI PREF,141.59333333333333,38.821666666666665,2010,2,7818
24,19,48,00.6,0.2,38,29.4,0.4,142,09.0,1.0,28,3,0.7V,,,"(2, 65)",E OFF MIYAGI PREF,142.15,38.49,2010,2,7822
24,20,15,05.3,0.1,38,48.3,0.2,141,37.4,0.6,68,1,0.6V,,,"(2, 50)",NORTHERN MIYAGI PREF,141.62333333333333,38.805,2010,2,7828
24,21,38,07.6,0.2,38,39.0,0.5,142,14.7,1.1,32,4,0.6V,,,"(2, 65)",E OFF MIYAGI PREF,142.245,38.65,2010,2,7857
24,21,47,12.7,0.2,37,26.3,0.5,141,53.6,0.9,36,3,1.7V,,,"(2, 69)",E OFF FUKUSHIMA PREF,141.89333333333335,37.43833333333333,2010,2,7859
24,22,26,37.2,0.2,38,05.3,0.6,142,30.5,1.1,33,3,2.2V,,,"(2, 65)",E OFF MIYAGI PREF,142.50833333333333,38.08833333333333,2010,2,7865
24,23,15,48.2,0.1,38,46.9,0.4,142,32.6,0.9,36,4,1.1V,,,"(2, 65)",E OFF MIYAGI PREF,142.54333333333332,38.781666666666666,2010,2,7884
25,03,03,40.8,0.1,38,30.8,0.3,141,59.8,0.7,24,2,1.3V,,,"(2, 65)",E OFF MIYAGI PREF,141.99666666666667,38.513333333333335,2010,2,7931
25,04,43,23.4,0.1,37,48.8,0.4,142,00.5,0.9,38,2,1.2V,,,"(2, 68)",SE OFF MIYAGI PREF,142.00833333333333,37.81333333333333,2010,2,7958
25,06,18,28.6,0.0,38,47.8,0.2,141,35.1,0.7,66,1,0.1V,,,"(2, 50)",NORTHERN MIYAGI PREF,141.585,38.79666666666667,2010,2,7995
25,09,34,40.3,0.2,37,54.9,0.7,143,06.9,1.1,21,,2.6V,,,"(2, 64)",FAR E OFF MIYAGI PREF,143.115,37.915,2010,2,8029
25,09,47,55.6,0.1,38,01.5,0.6,143,00.8,0.6,22,,1.7V,,,"(2, 64)",FAR E OFF MIYAGI PREF,143.01333333333332,38.025,2010,2,8031
25,13,11,44.0,0.1,38,03.3,0.4,142,12.1,0.8,42,1,1.6V,,,"(2, 65)",E OFF MIYAGI PREF,142.20166666666665,38.055,2010,2,8057
25,13,37,49.5,0.1,38,12.1,0.6,142,40.2,0.7,16,3,1.6V,,,"(2, 65)",E OFF MIYAGI PREF,142.67,38.20166666666667,2010,2,8061
25,14,03,26.0,0.1,37,59.3,0.5,141,52.9,1.0,44,1,1.0V,,,"(2, 68)",SE OFF MIYAGI PREF,141.88166666666666,37.98833333333333,2010,2,8066
25,15,15,12.1,0.2,37,24.3,0.5,141,53.0,0.8,37,,1.3V,,,"(2, 69)",E OFF FUKUSHIMA PREF,141.88333333333333,37.405,2010,2,8077
25,18,59,43.8,0.1,38,55.1,0.5,142,35.4,0.7,37,4,0.8v,,,"(2, 65)",E OFF MIYAGI PREF,142.59,38.91833333333334,2010,2,8124
25,20,26,28.2,0.1,38,19.6,0.4,142,30.8,0.5,26,2,2.0V,,,"(2, 65)",E OFF MIYAGI PREF,142.51333333333332,38.32666666666667,2010,2,8153
26,02,14,20.0,0.1,38,42.0,0.3,142,15.0,0.9,38,3,0.9V,,,"(2, 65)",E OFF MIYAGI PREF,142.25,38.7,2010,2,8231
26,02,31,36.1,0.1,37,52.0,0.7,142,14.4,0.8,35,2,1.0V,,,"(2, 68)",SE OFF MIYAGI PREF,142.24,37.86666666666667,2010,2,8235
26,03,07,44.7,0.1,38,47.0,0.3,141,09.9,0.6,88,1,0.1v,,,"(2, 50)",NORTHERN MIYAGI PREF,141.165,38.78333333333333,2010,2,8241
26,04,03,51.4,0.0,38,50.1,0.2,141,34.9,0.4,74,1,1.9V,,,"(2, 50)",NORTHERN MIYAGI PREF,141.58166666666668,38.835,2010,2,8250
26,04,27,31.5,0.1,37,57.5,0.4,142,17.9,0.6,35,2,0.8v,,,"(2, 68)",SE OFF MIYAGI PREF,142.29833333333335,37.958333333333336,2010,2,8254
26,08,31,15.8,0.2,37,50.4,0.7,142,14.8,1.2,36,4,1.6V,,,"(2, 68)",SE OFF MIYAGI PREF,142.24666666666667,37.84,2010,2,8299
26,09,23,57.0,0.2,37,27.4,0.5,141,54.2,1.0,37,4,3.7V,,,"(2, 69)",E OFF FUKUSHIMA PREF,141.90333333333334,37.45666666666666,2010,2,8309
26,11,04,15.2,0.2,37,29.3,0.3,141,53.2,0.9,33,5,1.4V,,,"(2, 69)",E OFF FUKUSHIMA PREF,141.88666666666666,37.48833333333334,2010,2,8326
26,14,54,35.1,0.1,38,50.2,0.2,141,39.9,0.6,61,1,0.4V,,,"(2, 50)",NORTHERN MIYAGI PREF,141.665,38.836666666666666,2010,2,8364
26,14,55,19.1,0.1,38,22.0,0.3,142,40.0,0.5,25,2,3.2V,,,"(2, 65)",E OFF MIYAGI PREF,142.66666666666666,38.36666666666667,2010,2,8365
26,21,32,56.2,0.2,37,32.2,0.6,141,16.6,1.6,84,2,0.9v,,,"(2, 69)",E OFF FUKUSHIMA PREF,141.27666666666667,37.53666666666667,2010,2,8425
26,23,27,06.0,0.1,38,45.2,0.4,142,16.4,1.0,38,3,1.4V,,,"(2, 65)",E OFF MIYAGI PREF,142.27333333333334,38.75333333333333,2010,2,8447
27,09,21,19.4,0.1,39,09.1,0.2,142,18.6,0.5,29,1,,,,"(2, 62)",E OFF IWATE PREF,142.31,39.151666666666664,2010,2,8635
27,14,07,14.0,0.1,38,56.7,0.3,142,29.3,0.6,37,2,1.2V,,,"(2, 65)",E OFF MIYAGI PREF,142.48833333333334,38.945,2010,2,8747
27,19,33,49.7,0.1,38,05.7,0.2,141,11.7,0.4,64,1,1.2V,,,"(2, 67)",SENDAI BAY REGION,141.195,38.095,2010,2,8866
27,21,16,15.0,0.1,37,30.7,0.2,141,21.9,0.6,78,1,2.1V,,,"(2, 69)",E OFF FUKUSHIMA PREF,141.365,37.51166666666666,2010,2,8918
27,22,05,29.0,0.1,38,49.7,0.4,141,35.4,0.9,69,1,,,,"(2, 50)",NORTHERN MIYAGI PREF,141.59,38.82833333333333,2010,2,8941
28,01,16,00.1,0.1,38,53.8,0.3,142,36.6,0.7,28,2,3.8V,,,"(2, 65)",E OFF MIYAGI PREF,142.61,38.89666666666667,2010,2,9030
28,02,52,32.0,0.1,39,06.5,0.2,142,28.9,0.4,27,1,1.3V,,,"(2, 62)",E OFF IWATE PREF,142.48166666666665,39.108333333333334,2010,2,9072
28,03,16,00.2,0.1,37,31.1,0.4,141,33.4,0.8,42,3,1.0V,,,"(2, 69)",E OFF FUKUSHIMA PREF,141.55666666666667,37.51833333333333,2010,2,9079
28,03,38,02.3,0.1,38,55.0,0.4,142,34.8,0.6,34,3,0.9v,,,"(2, 65)",E OFF MIYAGI PREF,142.58,38.916666666666664,2010,2,9087
28,03,41,58.0,0.1,38,55.8,0.4,142,34.0,0.6,34,3,1.0V,,,"(2, 65)",E OFF MIYAGI PREF,142.56666666666666,38.93,2010,2,9089
28,06,06,29.7,0.1,38,51.7,0.3,142,33.8,0.6,26,2,1.1V,,,"(2, 65)",E OFF MIYAGI PREF,142.56333333333333,38.861666666666665,2010,2,9167
28,07,13,47.0,0.3,37,42.3,0.5,142,04.9,1.1,11,,1.2v,,,"(2, 68)",SE OFF MIYAGI PREF,142.08166666666668,37.705,2010,2,9190
28,09,43,56.0,0.1,38,46.2,0.3,141,36.6,0.8,70,1,0.4V,,,"(2, 50)",NORTHERN MIYAGI PREF,141.61,38.77,2010,2,9256
28,12,17,21.9,0.0,38,56.1,0.2,142,30.1,0.3,37,1,0.9V,,,"(2, 65)",E OFF MIYAGI PREF,142.50166666666667,38.935,2010,2,9304
28,12,34,29.3,0.0,38,52.3,0.2,141,41.0,0.4,64,1,1.5V,,,"(2, 50)",NORTHERN MIYAGI PREF,141.68333333333334,38.87166666666667,2010,2,9311
28,16,05,36.6,0.1,38,41.6,0.2,142,13.6,0.8,37,2,1.2V,,,"(2, 65)",E OFF MIYAGI PREF,142.22666666666666,38.693333333333335,2010,2,9412
28,16,47,15.7,0.1,38,48.2,0.2,141,37.2,0.6,68,1,0.3V,,,"(2, 50)",NORTHERN MIYAGI PREF,141.62,38.803333333333335,2010,2,9428
28,18,05,35.1,0.1,38,03.7,0.4,141,57.1,0.8,43,1,1.5V,,,"(2, 65)",E OFF MIYAGI PREF,141.95166666666665,38.06166666666667,2010,2,9456
28,20,13,39.7,0.1,38,54.5,0.4,141,36.5,0.8,73,1,0.2V,,,"(2, 50)",NORTHERN MIYAGI PREF,141.60833333333332,38.90833333333333,2010,2,9499
28,20,21,34.0,0.1,39,04.2,0.7,144,22.9,0.7,44,,2.7V,,,"(8,327)",FAR E OFF NORTH HONSHU,144.38166666666666,39.07,2010,2,9501
28,21,41,41.4,0.1,38,55.5,0.6,142,35.2,0.6,39,3,1.0v,,,"(2, 65)",E OFF MIYAGI PREF,142.58666666666667,38.925,2010,2,9525
28,22,51,03.6,0.1,38,17.9,0.4,142,29.3,0.4,33,3,1.0V,,,"(2, 65)",E OFF MIYAGI PREF,142.48833333333334,38.29833333333333,2010,2,9553
28,23,32,50.7,0.1,37,30.4,0.4,141,53.3,0.6,28,3,1.0V,,,"(2, 69)",E OFF FUKUSHIMA PREF,141.88833333333332,37.50666666666667,2010,2,9567
